NewsDate,NewsTitle,Path
20200416,"네이버 먹거리, 우리가 키운다 vs 카카오 같이 키우실 분","..\rawdata\기업별 관련기사\IT\네이버\20200416 네이버 먹거리, 우리가 키운다 vs 카카오 같이 키우실 분.md"
20200421,창업부터 독립까지 밀어준다…사내벤처 3곳 키우는 우리금융,..\rawdata\기업별 관련기사\IT\우리에프아이에스\20200421 창업부터 독립까지 밀어준다…사내벤처 3곳 키우는 우리금융.md
20200416,"네이버 먹거리, 우리가 키운다 vs 카카오 같이 키우실 분","..\rawdata\기업별 관련기사\IT\카카오\20200416 네이버 먹거리, 우리가 키운다 vs 카카오 같이 키우실 분.md"
20200204,"보험업계는 '제로성장'이라는데, 은행들은 왜 보험사를 사들일까","..\rawdata\기업별 관련기사\_공통\20200204 보험업계는 '제로성장'이라는데, 은행들은 왜 보험사를 사들일까.md"
20200206,'디지털' 속도 내는 보험업계…디지털보험사 줄잇는다,..\rawdata\기업별 관련기사\_공통\20200206 '디지털' 속도 내는 보험업계…디지털보험사 줄잇는다.md
20200206,‘역대 호황’ 누린 은행들의 고민…“올해는 힘들다”,..\rawdata\기업별 관련기사\_공통\20200206 ‘역대 호황’ 누린 은행들의 고민…“올해는 힘들다”.md
20200206,“길 잃은 돈 잡아라”… 은행·핀테크 ‘소액 자산관리 전쟁’,..\rawdata\기업별 관련기사\_공통\20200206 “길 잃은 돈 잡아라”… 은행·핀테크 ‘소액 자산관리 전쟁’.md
20200206,김정태의 승부수…금융지주 초대형IB경쟁 본격화,..\rawdata\기업별 관련기사\_공통\20200206 김정태의 승부수…금융지주 초대형IB경쟁 본격화.md
20200219,'신탁상품' 못키운 한국…노인들 'DLF'로 몰았다,..\rawdata\기업별 관련기사\_공통\20200219 '신탁상품' 못키운 한국…노인들 'DLF'로 몰았다.md
20200219,'지수 ETF'로 피신하는 외국인·기관,..\rawdata\기업별 관련기사\_공통\20200219 '지수 ETF'로 피신하는 외국인·기관.md
20200219,증시 때린 화웨이 제재·애플 실적 우려...새 리스크 되나,..\rawdata\기업별 관련기사\_공통\20200219 증시 때린 화웨이 제재·애플 실적 우려...새 리스크 되나.md
20200220,코로나19 확산 공포에…금·달러·채권 초강세(종합),..\rawdata\기업별 관련기사\_공통\20200220 코로나19 확산 공포에…금·달러·채권 초강세(종합).md
20200224,"은행권, 코로나19에 비상체제 돌입…지점폐쇄 등 줄지어","..\rawdata\기업별 관련기사\_공통\20200224 은행권, 코로나19에 비상체제 돌입…지점폐쇄 등 줄지어.md"
20200224,"현금없는 사회, 정말 올까요","..\rawdata\기업별 관련기사\_공통\20200224 현금없는 사회, 정말 올까요.md"
20200225,"금감원, 미스터리쇼핑 예산 2배 확대...불완전판매 사전예방","..\rawdata\기업별 관련기사\_공통\20200225 금감원, 미스터리쇼핑 예산 2배 확대...불완전판매 사전예방.md"
20200225,불어난 동산담보대출…6개 시중은행만 1兆,..\rawdata\기업별 관련기사\_공통\20200225 불어난 동산담보대출…6개 시중은행만 1兆.md
20200302,금융산업 혁신정책 주요 내용,..\rawdata\기업별 관련기사\_공통\20200302 금융산업 혁신정책 주요 내용.md
20200302,"은행·보험사, 혁신창업기업도 자회사 가능...음식배달·헬스케어 허용","..\rawdata\기업별 관련기사\_공통\20200302 은행·보험사, 혁신창업기업도 자회사 가능...음식배달·헬스케어 허용.md"
20200303,데이터 3법이 궁금해요! - 우리금융경영연구소,..\rawdata\기업별 관련기사\_공통\20200303 데이터 3법이 궁금해요! - 우리금융경영연구소.md
20200306,코로나 태풍에…비상등 켠 5대 금융지주,..\rawdata\기업별 관련기사\_공통\20200306 코로나 태풍에…비상등 켠 5대 금융지주.md
20200311,"영국, 코로나19 충격에 기준금리 0.75→0.25%로 긴급 인하","..\rawdata\기업별 관련기사\_공통\20200311 영국, 코로나19 충격에 기준금리 0.75→0.25%로 긴급 인하.md"
20200312,폭락장도 팬데믹… 9년만에 사이드카,..\rawdata\기업별 관련기사\_공통\20200312 폭락장도 팬데믹… 9년만에 사이드카.md
20200316,"‘기준금리 0%대’ 한국 경제, 가보지 않은 길에 들어서다","..\rawdata\기업별 관련기사\_공통\20200316 ‘기준금리 0%대’ 한국 경제, 가보지 않은 길에 들어서다.md"
20200319,저금리 정책에도 ‘돈맥경화’ 여전했다,..\rawdata\기업별 관련기사\_공통\20200319 저금리 정책에도 ‘돈맥경화’ 여전했다.md
20200320,"JP모건, 韓 올해 경제성장률 0%대 전망…1.9%→0.8%","..\rawdata\기업별 관련기사\_공통\20200320 JP모건, 韓 올해 경제성장률 0%대 전망…1.9%→0.8%.md"
20200324,"  자사주 매입, 급여 반납…기업들 눈물의 자구책","..\rawdata\기업별 관련기사\_공통\20200324   자사주 매입, 급여 반납…기업들 눈물의 자구책.md"
20200324,CP금리 급등세 지속…단기금융시장은 여전히 '살얼음판',..\rawdata\기업별 관련기사\_공통\20200324 CP금리 급등세 지속…단기금융시장은 여전히 '살얼음판'.md
20200324,달러 사재기… 달러예금 하루 1조8000억원 폭증,..\rawdata\기업별 관련기사\_공통\20200324 달러 사재기… 달러예금 하루 1조8000억원 폭증.md
20200324,유례없는 100조 금융패키지…재원은 어떻게,..\rawdata\기업별 관련기사\_공통\20200324 유례없는 100조 금융패키지…재원은 어떻게.md
20200408,뿌리내리는 스튜어드십 코드… “경영권 침해는 기우”,..\rawdata\기업별 관련기사\_공통\20200408 뿌리내리는 스튜어드십 코드… “경영권 침해는 기우”.md
20200420,"IMF 韓 전세제도, 금융 시스템 위험 일으킬 수도","..\rawdata\기업별 관련기사\_공통\20200420 IMF 韓 전세제도, 금융 시스템 위험 일으킬 수도.md"
20200319,"금감원, 주식·채권시장 위기등급 '심각·경계'로 격상","..\rawdata\기업별 관련기사\금융공기업\금융감독원\20200319 금감원, 주식·채권시장 위기등급 '심각·경계'로 격상.md"
20200410,'포스트 베트남' 미얀마로 가자…국민·기업·산업은행 잇따라 인가 획득,..\rawdata\기업별 관련기사\금융공기업\산업은행\20200410 '포스트 베트남' 미얀마로 가자…국민·기업·산업은행 잇따라 인가 획득.md
20200427,은행 공채에 ‘코딩’ 등장… 어떻게 준비할까,..\rawdata\기업별 관련기사\금융공기업\산업은행\20200427 은행 공채에 ‘코딩’ 등장… 어떻게 준비할까.md
20200226,"금융위, 한국형 상거래 신용지수 도입한다…내달 연계보증상품 출시","..\rawdata\기업별 관련기사\금융공기업\신용보증기금\20200226 금융위, 한국형 상거래 신용지수 도입한다…내달 연계보증상품 출시.md"
20200318,  코로나發 복합위기 대응...우리금융 비상경영위 신설,..\rawdata\기업별 관련기사\금융공기업\신용보증기금\20200318   코로나發 복합위기 대응...우리금융 비상경영위 신설.md
20200318,신용도 낮아도 장사 잘되면 대출받는다,..\rawdata\기업별 관련기사\금융공기업\신용보증기금\20200318 신용도 낮아도 장사 잘되면 대출받는다.md
20200304,"금융위, 삼성전자 'ETF 비중 30% 캡' 규제 폐지에도…'지수 상한제' 밀어붙이는 거래소","..\rawdata\기업별 관련기사\금융공기업\한국거래소\20200304 금융위, 삼성전자 'ETF 비중 30% 캡' 규제 폐지에도…'지수 상한제' 밀어붙이는 거래소.md"
20200310,"KB금융, ESG위원회 신설 지속가능 경영 구축","..\rawdata\기업별 관련기사\금융그룹\KB금융지주\20200310 KB금융, ESG위원회 신설 지속가능 경영 구축.md"
20200312,역대급 위기 온다…5대 금융지주 수장 올해 사업 전면 재검토,..\rawdata\기업별 관련기사\금융그룹\KB금융지주\20200312 역대급 위기 온다…5대 금융지주 수장 올해 사업 전면 재검토.md
20200316,실탄 채워라…금융지주 자본 2.5조 늘려,..\rawdata\기업별 관련기사\금융그룹\KB금융지주\20200316 실탄 채워라…금융지주 자본 2.5조 늘려.md
20200317,'사상최저 금리'에 은행·보험사·저축銀 직격탄…금융사 M&A '헐값 매물' 나오나,..\rawdata\기업별 관련기사\금융그룹\KB금융지주\20200317 '사상최저 금리'에 은행·보험사·저축銀 직격탄…금융사 M&A '헐값 매물' 나오나.md
20200319,"금융 주가 안봅니다, 정신건강에 안좋아서","..\rawdata\기업별 관련기사\금융그룹\KB금융지주\20200319 금융 주가 안봅니다, 정신건강에 안좋아서.md"
20200325,"KB금융, 푸르덴셜생명 인수 하나","..\rawdata\기업별 관련기사\금융그룹\KB금융지주\20200325 KB금융, 푸르덴셜생명 인수 하나.md"
20200410,DLF·라임·헤리티지DLS…투자손실 키운 '금융지주 매트릭스',..\rawdata\기업별 관련기사\금융그룹\KB금융지주\20200410 DLF·라임·헤리티지DLS…투자손실 키운 '금융지주 매트릭스'.md
20200410,"KB금융, 푸르덴셜 품고 ‘리딩금융’ 탈환 눈앞","..\rawdata\기업별 관련기사\금융그룹\KB금융지주\20200410 KB금융, 푸르덴셜 품고 ‘리딩금융’ 탈환 눈앞.md"
20200413,"  4대 금융지주, 보험서 승부 겨룬다","..\rawdata\기업별 관련기사\금융그룹\KB금융지주\20200413   4대 금융지주, 보험서 승부 겨룬다.md"
20200306,"김광수 농협금융 회장, 코로나19 피해기업 일일 상담원 나서","..\rawdata\기업별 관련기사\금융그룹\NH농협금융지주\20200306 김광수 농협금융 회장, 코로나19 피해기업 일일 상담원 나서.md"
20200312,역대급 위기 온다…5대 금융지주 수장 올해 사업 전면 재검토,..\rawdata\기업별 관련기사\금융그룹\NH농협금융지주\20200312 역대급 위기 온다…5대 금융지주 수장 올해 사업 전면 재검토.md
20200421,"홀대 받지만…금융권, 위기극복엔 ‘총대’","..\rawdata\기업별 관련기사\금융그룹\NH농협금융지주\20200421 홀대 받지만…금융권, 위기극복엔 ‘총대’.md"
20200303,농협중앙회發 '인사태풍'…행장 등 7명 사임,..\rawdata\기업별 관련기사\금융그룹\농협중앙회\20200303 농협중앙회發 '인사태풍'…행장 등 7명 사임.md
20200304,이성희發 농협 인사태풍…이대훈 행장 사임,..\rawdata\기업별 관련기사\금융그룹\농협중앙회\20200304 이성희發 농협 인사태풍…이대훈 행장 사임.md
20200206,신한금융 '역대최대' 순익…1등 금융지주 타이틀 수성,..\rawdata\기업별 관련기사\금융그룹\신한금융그룹\20200206 신한금융 '역대최대' 순익…1등 금융지주 타이틀 수성.md
20200218,"신한금융, 은행·증권·생명 등 '통합 연금자산 플랫폼' 출시","..\rawdata\기업별 관련기사\금융그룹\신한금융그룹\20200218 신한금융, 은행·증권·생명 등 '통합 연금자산 플랫폼' 출시.md"
20200227,신한PWM센터 27개로 축소 '효율성 제고',..\rawdata\기업별 관련기사\금융그룹\신한금융그룹\20200227 신한PWM센터 27개로 축소 '효율성 제고'.md
20200302,'벤처 한류' 이끄는 신한금융… 동남아 찍고 미국·유럽까지,..\rawdata\기업별 관련기사\금융그룹\신한금융그룹\20200302 '벤처 한류' 이끄는 신한금융… 동남아 찍고 미국·유럽까지.md
20200304,"신한금융, 코로나 대응 '50억 모금 캠페인'","..\rawdata\기업별 관련기사\금융그룹\신한금융그룹\20200304 신한금융, 코로나 대응 '50억 모금 캠페인'.md"
20200312,역대급 위기 온다…5대 금융지주 수장 올해 사업 전면 재검토,..\rawdata\기업별 관련기사\금융그룹\신한금융그룹\20200312 역대급 위기 온다…5대 금융지주 수장 올해 사업 전면 재검토.md
20200316,실탄 채워라…금융지주 자본 2.5조 늘려,..\rawdata\기업별 관련기사\금융그룹\신한금융그룹\20200316 실탄 채워라…금융지주 자본 2.5조 늘려.md
20200317,'사상최저 금리'에 은행·보험사·저축銀 직격탄…금융사 M&A '헐값 매물' 나오나,..\rawdata\기업별 관련기사\금융그룹\신한금융그룹\20200317 '사상최저 금리'에 은행·보험사·저축銀 직격탄…금융사 M&A '헐값 매물' 나오나.md
20200319,"금융 주가 안봅니다, 정신건강에 안좋아서","..\rawdata\기업별 관련기사\금융그룹\신한금융그룹\20200319 금융 주가 안봅니다, 정신건강에 안좋아서.md"
20200320,우리·신한회장 연임 반대…국민연금 의결권행사 결론,..\rawdata\기업별 관련기사\금융그룹\신한금융그룹\20200320 우리·신한회장 연임 반대…국민연금 의결권행사 결론.md
20200324,"조용병 신한금융 회장 5대 디지털 기술, CEO가 키워라","..\rawdata\기업별 관련기사\금융그룹\신한금융그룹\20200324 조용병 신한금융 회장 5대 디지털 기술, CEO가 키워라.md"
20200327,신한금융 조용병 2기 출범…따뜻한 금융온기 전하겠다,..\rawdata\기업별 관련기사\금융그룹\신한금융그룹\20200327 신한금융 조용병 2기 출범…따뜻한 금융온기 전하겠다.md
20200410,DLF·라임·헤리티지DLS…투자손실 키운 '금융지주 매트릭스',..\rawdata\기업별 관련기사\금융그룹\신한금융그룹\20200410 DLF·라임·헤리티지DLS…투자손실 키운 '금융지주 매트릭스'.md
20200413,"  4대 금융지주, 보험서 승부 겨룬다","..\rawdata\기업별 관련기사\금융그룹\신한금융그룹\20200413   4대 금융지주, 보험서 승부 겨룬다.md"
20200305,"손태승 우리금융 회장 연임, 법원에 달렸다","..\rawdata\기업별 관련기사\금융그룹\우리금융그룹\20200305 손태승 우리금융 회장 연임, 법원에 달렸다.md"
20200310,"우리금융, IMM PE와 함께 푸르덴셜생명 인수전 참여","..\rawdata\기업별 관련기사\금융그룹\우리금융그룹\20200310 우리금융, IMM PE와 함께 푸르덴셜생명 인수전 참여.md"
20200312,역대급 위기 온다…5대 금융지주 수장 올해 사업 전면 재검토,..\rawdata\기업별 관련기사\금융그룹\우리금융그룹\20200312 역대급 위기 온다…5대 금융지주 수장 올해 사업 전면 재검토.md
20200313,"적극적 주주활동 나선 국민연금, 우리금융 조준","..\rawdata\기업별 관련기사\금융그룹\우리금융그룹\20200313 적극적 주주활동 나선 국민연금, 우리금융 조준.md"
20200316,실탄 채워라…금융지주 자본 2.5조 늘려,..\rawdata\기업별 관련기사\금융그룹\우리금융그룹\20200316 실탄 채워라…금융지주 자본 2.5조 늘려.md
20200317,'사상최저 금리'에 은행·보험사·저축銀 직격탄…금융사 M&A '헐값 매물' 나오나,..\rawdata\기업별 관련기사\금융그룹\우리금융그룹\20200317 '사상최저 금리'에 은행·보험사·저축銀 직격탄…금융사 M&A '헐값 매물' 나오나.md
20200318,  코로나發 복합위기 대응...우리금융 비상경영위 신설,..\rawdata\기업별 관련기사\금융그룹\우리금융그룹\20200318   코로나發 복합위기 대응...우리금융 비상경영위 신설.md
20200319,"금융 주가 안봅니다, 정신건강에 안좋아서","..\rawdata\기업별 관련기사\금융그룹\우리금융그룹\20200319 금융 주가 안봅니다, 정신건강에 안좋아서.md"
20200320,우리·신한회장 연임 반대…국민연금 의결권행사 결론,..\rawdata\기업별 관련기사\금융그룹\우리금융그룹\20200320 우리·신한회장 연임 반대…국민연금 의결권행사 결론.md
20200410,DLF·라임·헤리티지DLS…투자손실 키운 '금융지주 매트릭스',..\rawdata\기업별 관련기사\금융그룹\우리금융그룹\20200410 DLF·라임·헤리티지DLS…투자손실 키운 '금융지주 매트릭스'.md
20200413,"  4대 금융지주, 보험서 승부 겨룬다","..\rawdata\기업별 관련기사\금융그룹\우리금융그룹\20200413   4대 금융지주, 보험서 승부 겨룬다.md"
20200421,창업부터 독립까지 밀어준다…사내벤처 3곳 키우는 우리금융,..\rawdata\기업별 관련기사\금융그룹\우리금융그룹\20200421 창업부터 독립까지 밀어준다…사내벤처 3곳 키우는 우리금융.md
20200421,"홀대 받지만…금융권, 위기극복엔 ‘총대’","..\rawdata\기업별 관련기사\금융그룹\우리금융그룹\20200421 홀대 받지만…금융권, 위기극복엔 ‘총대’.md"
20200204,"하나금융, 역대 최대 순이익…'은행 쏠림'은 고민","..\rawdata\기업별 관련기사\금융그룹\하나금융그룹\20200204 하나금융, 역대 최대 순이익…'은행 쏠림'은 고민.md"
20200219,더케이손보 품은 하나금융 '디지털 손보사 전환' 서두른다,..\rawdata\기업별 관련기사\금융그룹\하나금융그룹\20200219 더케이손보 품은 하나금융 '디지털 손보사 전환' 서두른다.md
20200312,역대급 위기 온다…5대 금융지주 수장 올해 사업 전면 재검토,..\rawdata\기업별 관련기사\금융그룹\하나금융그룹\20200312 역대급 위기 온다…5대 금융지주 수장 올해 사업 전면 재검토.md
20200316,실탄 채워라…금융지주 자본 2.5조 늘려,..\rawdata\기업별 관련기사\금융그룹\하나금융그룹\20200316 실탄 채워라…금융지주 자본 2.5조 늘려.md
20200317,'사상최저 금리'에 은행·보험사·저축銀 직격탄…금융사 M&A '헐값 매물' 나오나,..\rawdata\기업별 관련기사\금융그룹\하나금융그룹\20200317 '사상최저 금리'에 은행·보험사·저축銀 직격탄…금융사 M&A '헐값 매물' 나오나.md
20200319,"금융 주가 안봅니다, 정신건강에 안좋아서","..\rawdata\기업별 관련기사\금융그룹\하나금융그룹\20200319 금융 주가 안봅니다, 정신건강에 안좋아서.md"
20200320,우리·신한회장 연임 반대…국민연금 의결권행사 결론,..\rawdata\기업별 관련기사\금융그룹\하나금융그룹\20200320 우리·신한회장 연임 반대…국민연금 의결권행사 결론.md
20200410,DLF·라임·헤리티지DLS…투자손실 키운 '금융지주 매트릭스',..\rawdata\기업별 관련기사\금융그룹\하나금융그룹\20200410 DLF·라임·헤리티지DLS…투자손실 키운 '금융지주 매트릭스'.md
20200413,"  4대 금융지주, 보험서 승부 겨룬다","..\rawdata\기업별 관련기사\금융그룹\하나금융그룹\20200413   4대 금융지주, 보험서 승부 겨룬다.md"
20200421,"홀대 받지만…금융권, 위기극복엔 ‘총대’","..\rawdata\기업별 관련기사\금융그룹\하나금융그룹\20200421 홀대 받지만…금융권, 위기극복엔 ‘총대’.md"
20200302,"은행·보험사, 혁신창업기업도 자회사 가능...음식배달·헬스케어 허용","..\rawdata\기업별 관련기사\보험사\_공통\20200302 은행·보험사, 혁신창업기업도 자회사 가능...음식배달·헬스케어 허용.md"
20200306,'문콕' 사고에도 뒷목 잡고 입원···'보험사기' 맞습니다,..\rawdata\기업별 관련기사\보험사\_공통\20200306 '문콕' 사고에도 뒷목 잡고 입원···'보험사기' 맞습니다.md
20200306,보험사 압도하는 법인대리점…설계사 늘고 정착 길어져,..\rawdata\기업별 관련기사\보험사\_공통\20200306 보험사 압도하는 법인대리점…설계사 늘고 정착 길어져.md
20200317,지난해 보험사 순이익 5.3조...10년 최저,..\rawdata\기업별 관련기사\보험사\_공통\20200317 지난해 보험사 순이익 5.3조...10년 최저.md
20200330,  제로금리 역풍에...올 보험사 역마진 사상최대 6조 전망,..\rawdata\기업별 관련기사\보험사\_공통\20200330   제로금리 역풍에...올 보험사 역마진 사상최대 6조 전망.md
20200407,금융지주 계열 보험사 2곳 탄생 임박...'빅3' 아성에 도전,..\rawdata\기업별 관련기사\보험사\_공통\20200407 금융지주 계열 보험사 2곳 탄생 임박...'빅3' 아성에 도전.md
20200407,디지털로 승부 띄운 보험사들에 ‘주목’,..\rawdata\기업별 관련기사\보험사\_공통\20200407 디지털로 승부 띄운 보험사들에 ‘주목’.md
20200407,"또 내리면 어쩌나…보험사, 금통위 금리인하 여부 '촉각'","..\rawdata\기업별 관련기사\보험사\_공통\20200407 또 내리면 어쩌나…보험사, 금통위 금리인하 여부 '촉각'.md"
20200413,"  4대 금융지주, 보험서 승부 겨룬다","..\rawdata\기업별 관련기사\보험사\_공통\20200413   4대 금융지주, 보험서 승부 겨룬다.md"
20200413,'역대 최악 위기' 보험업계…보험사 매물은 나오면 팔려,..\rawdata\기업별 관련기사\보험사\_공통\20200413 '역대 최악 위기' 보험업계…보험사 매물은 나오면 팔려.md
20200416,"굿리치·토스의 정규직 보험설계사 실험, 성공할까","..\rawdata\기업별 관련기사\보험사\_공통\20200416 굿리치·토스의 정규직 보험설계사 실험, 성공할까.md"
20200422,'눈물의 보험 해지' 세 달 동안 7조원 깼다,..\rawdata\기업별 관련기사\보험사\_공통\20200422 '눈물의 보험 해지' 세 달 동안 7조원 깼다.md
20200422,‘적금보다 낫다던’ 무해지환급형 보험 바뀐다,..\rawdata\기업별 관련기사\보험사\_공통\20200422 ‘적금보다 낫다던’ 무해지환급형 보험 바뀐다.md
20200221,굿바이 보험아줌마…로봇 설계사 시대 온다,..\rawdata\기업별 관련기사\보험사\생보사\ABL생명\20200221 굿바이 보험아줌마…로봇 설계사 시대 온다.md
20200306,보험업계 '죽을맛'...해외투자 50%로 확대 무산에 기준금리도 인하 가능성,..\rawdata\기업별 관련기사\보험사\생보사\DB생명보험\20200306 보험업계 '죽을맛'...해외투자 50%로 확대 무산에 기준금리도 인하 가능성.md
20200226,대면 비중 98%인데..보험설계사 손놨다,..\rawdata\기업별 관련기사\보험사\생보사\NH농협생명\20200226 대면 비중 98%인데..보험설계사 손놨다.md
20200221,굿바이 보험아줌마…로봇 설계사 시대 온다,..\rawdata\기업별 관련기사\보험사\생보사\교보생명\20200221 굿바이 보험아줌마…로봇 설계사 시대 온다.md
20200226,대면 비중 98%인데..보험설계사 손놨다,..\rawdata\기업별 관련기사\보험사\생보사\교보생명\20200226 대면 비중 98%인데..보험설계사 손놨다.md
20200306,보험업계 '죽을맛'...해외투자 50%로 확대 무산에 기준금리도 인하 가능성,..\rawdata\기업별 관련기사\보험사\생보사\교보생명\20200306 보험업계 '죽을맛'...해외투자 50%로 확대 무산에 기준금리도 인하 가능성.md
20200310,금융도 '언택트' 시대…기술과 만난 금융상품이 웃었다,..\rawdata\기업별 관련기사\보험사\생보사\교보생명\20200310 금융도 '언택트' 시대…기술과 만난 금융상품이 웃었다.md
20200306,보험업계 '죽을맛'...해외투자 50%로 확대 무산에 기준금리도 인하 가능성,..\rawdata\기업별 관련기사\보험사\생보사\동양생명\20200306 보험업계 '죽을맛'...해외투자 50%로 확대 무산에 기준금리도 인하 가능성.md
20200220,사고 안 나면 보험료 돌려주는 보험 나온다,..\rawdata\기업별 관련기사\보험사\생보사\미래에셋생명\20200220 사고 안 나면 보험료 돌려주는 보험 나온다.md
20200306,보험업계 '죽을맛'...해외투자 50%로 확대 무산에 기준금리도 인하 가능성,..\rawdata\기업별 관련기사\보험사\생보사\미래에셋생명\20200306 보험업계 '죽을맛'...해외투자 50%로 확대 무산에 기준금리도 인하 가능성.md
20200220,사고 안 나면 보험료 돌려주는 보험 나온다,..\rawdata\기업별 관련기사\보험사\생보사\삼성생명\20200220 사고 안 나면 보험료 돌려주는 보험 나온다.md
20200226,대면 비중 98%인데..보험설계사 손놨다,..\rawdata\기업별 관련기사\보험사\생보사\삼성생명\20200226 대면 비중 98%인데..보험설계사 손놨다.md
20200324,"조용병 신한금융 회장 5대 디지털 기술, CEO가 키워라","..\rawdata\기업별 관련기사\보험사\생보사\신한생명\20200324 조용병 신한금융 회장 5대 디지털 기술, CEO가 키워라.md"
20200221,굿바이 보험아줌마…로봇 설계사 시대 온다,..\rawdata\기업별 관련기사\보험사\생보사\한화생명\20200221 굿바이 보험아줌마…로봇 설계사 시대 온다.md
20200226,대면 비중 98%인데..보험설계사 손놨다,..\rawdata\기업별 관련기사\보험사\생보사\한화생명\20200226 대면 비중 98%인데..보험설계사 손놨다.md
20200306,보험업계 '죽을맛'...해외투자 50%로 확대 무산에 기준금리도 인하 가능성,..\rawdata\기업별 관련기사\보험사\생보사\한화생명\20200306 보험업계 '죽을맛'...해외투자 50%로 확대 무산에 기준금리도 인하 가능성.md
20200221,굿바이 보험아줌마…로봇 설계사 시대 온다,..\rawdata\기업별 관련기사\보험사\손보사\DB손해보험\20200221 굿바이 보험아줌마…로봇 설계사 시대 온다.md
20200306,코로나 집콕 늘자 自保(자보) 손해율은 뚝,..\rawdata\기업별 관련기사\보험사\손보사\DB손해보험\20200306 코로나 집콕 늘자 自保(자보) 손해율은 뚝.md
20200310,금융도 '언택트' 시대…기술과 만난 금융상품이 웃었다,..\rawdata\기업별 관련기사\보험사\손보사\DB손해보험\20200310 금융도 '언택트' 시대…기술과 만난 금융상품이 웃었다.md
20200221,굿바이 보험아줌마…로봇 설계사 시대 온다,..\rawdata\기업별 관련기사\보험사\손보사\KB손해보험\20200221 굿바이 보험아줌마…로봇 설계사 시대 온다.md
20200306,코로나 집콕 늘자 自保(자보) 손해율은 뚝,..\rawdata\기업별 관련기사\보험사\손보사\KB손해보험\20200306 코로나 집콕 늘자 自保(자보) 손해율은 뚝.md
20200221,굿바이 보험아줌마…로봇 설계사 시대 온다,..\rawdata\기업별 관련기사\보험사\손보사\삼성화재\20200221 굿바이 보험아줌마…로봇 설계사 시대 온다.md
20200306,코로나 집콕 늘자 自保(자보) 손해율은 뚝,..\rawdata\기업별 관련기사\보험사\손보사\삼성화재\20200306 코로나 집콕 늘자 自保(자보) 손해율은 뚝.md
20200310,금융도 '언택트' 시대…기술과 만난 금융상품이 웃었다,..\rawdata\기업별 관련기사\보험사\손보사\삼성화재\20200310 금융도 '언택트' 시대…기술과 만난 금융상품이 웃었다.md
20200226,"캐롯, 디지털보험 관련 특허 및 배타적 사용권 획득","..\rawdata\기업별 관련기사\보험사\손보사\캐롯손해보험\20200226 캐롯, 디지털보험 관련 특허 및 배타적 사용권 획득.md"
20200221,굿바이 보험아줌마…로봇 설계사 시대 온다,..\rawdata\기업별 관련기사\보험사\손보사\현대해상\20200221 굿바이 보험아줌마…로봇 설계사 시대 온다.md
20200306,코로나 집콕 늘자 自保(자보) 손해율은 뚝,..\rawdata\기업별 관련기사\보험사\손보사\현대해상\20200306 코로나 집콕 늘자 自保(자보) 손해율은 뚝.md
20200310,금융도 '언택트' 시대…기술과 만난 금융상품이 웃었다,..\rawdata\기업별 관련기사\보험사\손보사\현대해상\20200310 금융도 '언택트' 시대…기술과 만난 금융상품이 웃었다.md
20200129,윤종원 제26대 IBK기업은행장 취임식,..\rawdata\기업별 관련기사\은행\IBK기업은행\20200129 윤종원 제26대 IBK기업은행장 취임식.md
20200204,'종합금융그룹' 강조한 윤종원 기업은행장 지주 전환 도전할까,..\rawdata\기업별 관련기사\은행\IBK기업은행\20200204 '종합금융그룹' 강조한 윤종원 기업은행장 지주 전환 도전할까.md
20200220,사고 안 나면 보험료 돌려주는 보험 나온다,..\rawdata\기업별 관련기사\은행\IBK기업은행\20200220 사고 안 나면 보험료 돌려주는 보험 나온다.md
20200302,은행권 '팔로어 경쟁'…유튜브서 인스타로 확전,..\rawdata\기업별 관련기사\은행\IBK기업은행\20200302 은행권 '팔로어 경쟁'…유튜브서 인스타로 확전.md
20200303,몇 번의 클릭으로 은퇴 설계 '척척',..\rawdata\기업별 관련기사\은행\IBK기업은행\20200303 몇 번의 클릭으로 은퇴 설계 '척척'.md
20200303,자산관리도 AI로…30년치 빅데이터 분석해 금융시장 예측,..\rawdata\기업별 관련기사\은행\IBK기업은행\20200303 자산관리도 AI로…30년치 빅데이터 분석해 금융시장 예측.md
20200318,  코로나發 복합위기 대응...우리금융 비상경영위 신설,..\rawdata\기업별 관련기사\은행\IBK기업은행\20200318   코로나發 복합위기 대응...우리금융 비상경영위 신설.md
20200326,"IBK기업은행, 컨설팅·판로개척…혁신기업 동반자","..\rawdata\기업별 관련기사\은행\IBK기업은행\20200326 IBK기업은행, 컨설팅·판로개척…혁신기업 동반자.md"
20200410,'포스트 베트남' 미얀마로 가자…국민·기업·산업은행 잇따라 인가 획득,..\rawdata\기업별 관련기사\은행\IBK기업은행\20200410 '포스트 베트남' 미얀마로 가자…국민·기업·산업은행 잇따라 인가 획득.md
20200413,"  기업은행, 27일부터 신입행원 250명 채용 접수","..\rawdata\기업별 관련기사\은행\IBK기업은행\20200413   기업은행, 27일부터 신입행원 250명 채용 접수.md"
20200422,'취임 100일' 윤종원 행장 기업銀 소명은 기업·사람 보호,..\rawdata\기업별 관련기사\은행\IBK기업은행\20200422 '취임 100일' 윤종원 행장 기업銀 소명은 기업·사람 보호.md
20200422,"기업銀, 상반기 실적목표 낮춘다…노조, 행장 고발 취하","..\rawdata\기업별 관련기사\은행\IBK기업은행\20200422 기업銀, 상반기 실적목표 낮춘다…노조, 행장 고발 취하.md"
20200422,"기업은행, 美당국과 1000억 벌금 합의","..\rawdata\기업별 관련기사\은행\IBK기업은행\20200422 기업은행, 美당국과 1000억 벌금 합의.md"
20200423,"IBK기업은행, 미얀마에 '법인' 출사표 던진 배경은","..\rawdata\기업별 관련기사\은행\IBK기업은행\20200423 IBK기업은행, 미얀마에 '법인' 출사표 던진 배경은.md"
20200427,은행 공채에 ‘코딩’ 등장… 어떻게 준비할까,..\rawdata\기업별 관련기사\은행\IBK기업은행\20200427 은행 공채에 ‘코딩’ 등장… 어떻게 준비할까.md
20200430,"'언택트'가 뜬다 시중은행, 비대면 채널 차별화에 집중","..\rawdata\기업별 관련기사\은행\IBK기업은행\20200430 '언택트'가 뜬다 시중은행, 비대면 채널 차별화에 집중.md"
20200203,국민은행 디지털 전환 첨병된 '인사이트 지점',..\rawdata\기업별 관련기사\은행\KB국민은행\20200203 국민은행 디지털 전환 첨병된 '인사이트 지점'.md
20200221,"DLF·라임에 데인 은행들, AI로 '불완전판매' 잡는다","..\rawdata\기업별 관련기사\은행\KB국민은행\20200221 DLF·라임에 데인 은행들, AI로 '불완전판매' 잡는다.md"
20200225,"대출 확대·이자 감면...은행, 소상공인 지원책 앞다퉈 내놔","..\rawdata\기업별 관련기사\은행\KB국민은행\20200225 대출 확대·이자 감면...은행, 소상공인 지원책 앞다퉈 내놔.md"
20200226,고객 발길 끊긴 은행 '비대면 거래' 증가,..\rawdata\기업별 관련기사\은행\KB국민은행\20200226 고객 발길 끊긴 은행 '비대면 거래' 증가.md
20200227,코로나가 바꾼 은행업무 비대면 채널 적극 활용,..\rawdata\기업별 관련기사\은행\KB국민은행\20200227 코로나가 바꾼 은행업무 비대면 채널 적극 활용.md
20200302,"산업 경계 허무는 시대… 글로벌 ICT기업, 경쟁자이자 동반자","..\rawdata\기업별 관련기사\은행\KB국민은행\20200302 산업 경계 허무는 시대… 글로벌 ICT기업, 경쟁자이자 동반자.md"
20200302,은행권 '팔로어 경쟁'…유튜브서 인스타로 확전,..\rawdata\기업별 관련기사\은행\KB국민은행\20200302 은행권 '팔로어 경쟁'…유튜브서 인스타로 확전.md
20200303,몇 번의 클릭으로 은퇴 설계 '척척',..\rawdata\기업별 관련기사\은행\KB국민은행\20200303 몇 번의 클릭으로 은퇴 설계 '척척'.md
20200303,자산관리도 AI로…30년치 빅데이터 분석해 금융시장 예측,..\rawdata\기업별 관련기사\은행\KB국민은행\20200303 자산관리도 AI로…30년치 빅데이터 분석해 금융시장 예측.md
20200309,코로나發 초저금리 시대…'인컴형' 자산 뜬다,..\rawdata\기업별 관련기사\은행\KB국민은행\20200309 코로나發 초저금리 시대…'인컴형' 자산 뜬다.md
20200310,DLF 여파…전문성 높인 '씨티銀 모델' 확산,..\rawdata\기업별 관련기사\은행\KB국민은행\20200310 DLF 여파…전문성 높인 '씨티銀 모델' 확산.md
20200310,금융도 '언택트' 시대…기술과 만난 금융상품이 웃었다,..\rawdata\기업별 관련기사\은행\KB국민은행\20200310 금융도 '언택트' 시대…기술과 만난 금융상품이 웃었다.md
20200311,"코로나 피해 지원, 문턱 낮추고 속도 높이자…은행들 잰걸음","..\rawdata\기업별 관련기사\은행\KB국민은행\20200311 코로나 피해 지원, 문턱 낮추고 속도 높이자…은행들 잰걸음.md"
20200315,'강남도 없앴다' 불붙은 은행 영업점 통폐합,..\rawdata\기업별 관련기사\은행\KB국민은행\20200315 '강남도 없앴다' 불붙은 은행 영업점 통폐합.md
20200325,"KB금융, 푸르덴셜생명 인수 하나","..\rawdata\기업별 관련기사\은행\KB국민은행\20200325 KB금융, 푸르덴셜생명 인수 하나.md"
20200326,"KB국민은행, 빅데이터로 기업 대출 자동심사한다","..\rawdata\기업별 관련기사\은행\KB국민은행\20200326 KB국민은행, 빅데이터로 기업 대출 자동심사한다.md"
20200330,금융권 '디지털 자산' 진입 시작될까... KB국민은행에 쏠린 눈,..\rawdata\기업별 관련기사\은행\KB국민은행\20200330 금융권 '디지털 자산' 진입 시작될까... KB국민은행에 쏠린 눈.md
20200406,"은행·증권사, IRP 불이익 설명 안해…불완전판매 위험","..\rawdata\기업별 관련기사\은행\KB국민은행\20200406 은행·증권사, IRP 불이익 설명 안해…불완전판매 위험.md"
20200410,'포스트 베트남' 미얀마로 가자…국민·기업·산업은행 잇따라 인가 획득,..\rawdata\기업별 관련기사\은행\KB국민은행\20200410 '포스트 베트남' 미얀마로 가자…국민·기업·산업은행 잇따라 인가 획득.md
20200416,중기대출 실적 1위 국민은행..비결은 '혁신금융',..\rawdata\기업별 관련기사\은행\KB국민은행\20200416 중기대출 실적 1위 국민은행..비결은 '혁신금융'.md
20200421,"홀대 받지만…금융권, 위기극복엔 ‘총대’","..\rawdata\기업별 관련기사\은행\KB국민은행\20200421 홀대 받지만…금융권, 위기극복엔 ‘총대’.md"
20200430,"'언택트'가 뜬다 시중은행, 비대면 채널 차별화에 집중","..\rawdata\기업별 관련기사\은행\KB국민은행\20200430 '언택트'가 뜬다 시중은행, 비대면 채널 차별화에 집중.md"
20200129,"농협은행, 전 영업점에 방역 작업...'우한 폐렴' 확산 방지 총력","..\rawdata\기업별 관련기사\은행\NH농협은행\20200129 농협은행, 전 영업점에 방역 작업...'우한 폐렴' 확산 방지 총력.md"
20200219,농협 약진에… '금융 빅4 체제' 금 가는 소리,..\rawdata\기업별 관련기사\은행\NH농협은행\20200219 농협 약진에… '금융 빅4 체제' 금 가는 소리.md
20200224,"농협 순익, 기업 추월… 信經분리 후 처음 비용관리·자산확대땐 5대은행 진입 기대","..\rawdata\기업별 관련기사\은행\NH농협은행\20200224 농협 순익, 기업 추월… 信經분리 후 처음 비용관리·자산확대땐 5대은행 진입 기대.md"
20200226,고객 발길 끊긴 은행 '비대면 거래' 증가,..\rawdata\기업별 관련기사\은행\NH농협은행\20200226 고객 발길 끊긴 은행 '비대면 거래' 증가.md
20200302,은행권 '팔로어 경쟁'…유튜브서 인스타로 확전,..\rawdata\기업별 관련기사\은행\NH농협은행\20200302 은행권 '팔로어 경쟁'…유튜브서 인스타로 확전.md
20200303,농협중앙회發 '인사태풍'…행장 등 7명 사임,..\rawdata\기업별 관련기사\은행\NH농협은행\20200303 농협중앙회發 '인사태풍'…행장 등 7명 사임.md
20200303,몇 번의 클릭으로 은퇴 설계 '척척',..\rawdata\기업별 관련기사\은행\NH농협은행\20200303 몇 번의 클릭으로 은퇴 설계 '척척'.md
20200303,자산관리도 AI로…30년치 빅데이터 분석해 금융시장 예측,..\rawdata\기업별 관련기사\은행\NH농협은행\20200303 자산관리도 AI로…30년치 빅데이터 분석해 금융시장 예측.md
20200304,이성희發 농협 인사태풍…이대훈 행장 사임,..\rawdata\기업별 관련기사\은행\NH농협은행\20200304 이성희發 농협 인사태풍…이대훈 행장 사임.md
20200306,"NH농협은행, 코로나19로 위축된 농가 돕기 나서","..\rawdata\기업별 관련기사\은행\NH농협은행\20200306 NH농협은행, 코로나19로 위축된 농가 돕기 나서.md"
20200306,"김광수 농협금융 회장, 코로나19 피해기업 일일 상담원 나서","..\rawdata\기업별 관련기사\은행\NH농협은행\20200306 김광수 농협금융 회장, 코로나19 피해기업 일일 상담원 나서.md"
20200306,"코로나 극복 12조 슈퍼추경, 농업계 위한 대책은 어디에","..\rawdata\기업별 관련기사\은행\NH농협은행\20200306 코로나 극복 12조 슈퍼추경, 농업계 위한 대책은 어디에.md"
20200310,DLF 여파…전문성 높인 '씨티銀 모델' 확산,..\rawdata\기업별 관련기사\은행\NH농협은행\20200310 DLF 여파…전문성 높인 '씨티銀 모델' 확산.md
20200310,금융도 '언택트' 시대…기술과 만난 금융상품이 웃었다,..\rawdata\기업별 관련기사\은행\NH농협은행\20200310 금융도 '언택트' 시대…기술과 만난 금융상품이 웃었다.md
20200311,"코로나 피해 지원, 문턱 낮추고 속도 높이자…은행들 잰걸음","..\rawdata\기업별 관련기사\은행\NH농협은행\20200311 코로나 피해 지원, 문턱 낮추고 속도 높이자…은행들 잰걸음.md"
20200318,차기 농협은행장에 손병환 내정,..\rawdata\기업별 관련기사\은행\NH농협은행\20200318 차기 농협은행장에 손병환 내정.md
20200320,농협은행장에 손병환 부사장 선정,..\rawdata\기업별 관련기사\은행\NH농협은행\20200320 농협은행장에 손병환 부사장 선정.md
20200326,"NH농협은행, WM 사업 재도약 원년","..\rawdata\기업별 관련기사\은행\NH농협은행\20200326 NH농협은행, WM 사업 재도약 원년.md"
20200330,농협은행 '손병환號' 출범...최우선 과제는 디지털뱅킹 강화,..\rawdata\기업별 관련기사\은행\NH농협은행\20200330 농협은행 '손병환號' 출범...최우선 과제는 디지털뱅킹 강화.md
20200401,"농협, 로봇업무 자동화 'NH RPA포털' 오픈","..\rawdata\기업별 관련기사\은행\NH농협은행\20200401 농협, 로봇업무 자동화 'NH RPA포털' 오픈.md"
20200402,"농협銀, 데이터3법 시행에 농업데이터거래소 만든다","..\rawdata\기업별 관련기사\은행\NH농협은행\20200402 농협銀, 데이터3법 시행에 농업데이터거래소 만든다.md"
20200421,"공익직불제 지급단가 확정, 논 직불금 최고 50% 올라","..\rawdata\기업별 관련기사\은행\NH농협은행\20200421 공익직불제 지급단가 확정, 논 직불금 최고 50% 올라.md"
20200421,"홀대 받지만…금융권, 위기극복엔 ‘총대’","..\rawdata\기업별 관련기사\은행\NH농협은행\20200421 홀대 받지만…금융권, 위기극복엔 ‘총대’.md"
20200428,"  농협은행, '자산관리 최고은행' 노린다","..\rawdata\기업별 관련기사\은행\NH농협은행\20200428   농협은행, '자산관리 최고은행' 노린다.md"
20200430,"'언택트'가 뜬다 시중은행, 비대면 채널 차별화에 집중","..\rawdata\기업별 관련기사\은행\NH농협은행\20200430 '언택트'가 뜬다 시중은행, 비대면 채널 차별화에 집중.md"
20200310,‘가상자산 제도화’ 기회 만난 금융사…‘블록체인 동맹’ 활발,..\rawdata\기업별 관련기사\은행\_은행공통\20200310 ‘가상자산 제도화’ 기회 만난 금융사…‘블록체인 동맹’ 활발.md
20200310,"은행, 저금리·부동산 규제·비이자수익 감소 ‘3중고’","..\rawdata\기업별 관련기사\은행\_은행공통\20200310 은행, 저금리·부동산 규제·비이자수익 감소 ‘3중고’.md"
20200311,소호대출 1년새 17兆 늘린 5대은행..코로나 장기화 땐 연체율 상승 우려,..\rawdata\기업별 관련기사\은행\_은행공통\20200311 소호대출 1년새 17兆 늘린 5대은행..코로나 장기화 땐 연체율 상승 우려.md
20200316,은행원들이 단체로 대출상환 독촉 문자를 받은 이유는,..\rawdata\기업별 관련기사\은행\_은행공통\20200316 은행원들이 단체로 대출상환 독촉 문자를 받은 이유는.md
20200317,"빅데이터로 본 코로나… 대전시, 확진자 발생 후 카드사용 55% '뚝'","..\rawdata\기업별 관련기사\은행\_은행공통\20200317 빅데이터로 본 코로나… 대전시, 확진자 발생 후 카드사용 55% '뚝'.md"
20200318,외화유출 조짐에 비상계획… 韓美 통화스와프 협정가야 주문도,..\rawdata\기업별 관련기사\은행\_은행공통\20200318 외화유출 조짐에 비상계획… 韓美 통화스와프 협정가야 주문도.md
20200318,환율 급등세에 '달러 팔자'···외화예금 감소폭 1년來 최대,..\rawdata\기업별 관련기사\은행\_은행공통\20200318 환율 급등세에 '달러 팔자'···외화예금 감소폭 1년來 최대.md
20200319,"'제로금리 시대' 은행권, 이자수익 확보에 '비상'","..\rawdata\기업별 관련기사\은행\_은행공통\20200319 '제로금리 시대' 은행권, 이자수익 확보에 '비상'.md"
20200319,"은행 '고위험 신탁', 총량제한 조건으로 일부 판매 허용","..\rawdata\기업별 관련기사\은행\_은행공통\20200319 은행 '고위험 신탁', 총량제한 조건으로 일부 판매 허용.md"
20200323,기준금리 내려도…주담대 금리 되레 올랐다,..\rawdata\기업별 관련기사\은행\_은행공통\20200323 기준금리 내려도…주담대 금리 되레 올랐다.md
20200324,  은행 수익 효자 ‘핵심예금’ 제로 금리시대 몸값 뛴다,..\rawdata\기업별 관련기사\은행\_은행공통\20200324   은행 수익 효자 ‘핵심예금’ 제로 금리시대 몸값 뛴다.md
20200325,지난해 국내은행 해외점포 순이익 10억달러…베트남 19개로 최다,..\rawdata\기업별 관련기사\은행\_은행공통\20200325 지난해 국내은행 해외점포 순이익 10억달러…베트남 19개로 최다.md
20200326,'코로나19' 확산 이후 한국은행의 주요 금융 정책 대응,..\rawdata\기업별 관련기사\은행\_은행공통\20200326 '코로나19' 확산 이후 한국은행의 주요 금융 정책 대응.md
20200330,제로금리에…은행 정기예금 이탈 시작됐다,..\rawdata\기업별 관련기사\은행\_은행공통\20200330 제로금리에…은행 정기예금 이탈 시작됐다.md
20200330,파킹통장 인기몰이…주차하듯 잠시 맡겨도 2% 이자,..\rawdata\기업별 관련기사\은행\_은행공통\20200330 파킹통장 인기몰이…주차하듯 잠시 맡겨도 2% 이자.md
20200331,"6대銀, 지난해 지점 66곳 문닫았다","..\rawdata\기업별 관련기사\은행\_은행공통\20200331 6대銀, 지난해 지점 66곳 문닫았다.md"
20200401,대기업마저 돈가뭄…은행 대출 폭증,..\rawdata\기업별 관련기사\은행\_은행공통\20200401 대기업마저 돈가뭄…은행 대출 폭증.md
20200401,모바일뱅킹 1.2억명 돌파… 1년새 15.5% 급증,..\rawdata\기업별 관련기사\은행\_은행공통\20200401 모바일뱅킹 1.2억명 돌파… 1년새 15.5% 급증.md
20200403,"은행, 위기일수록 디지털채널로 고객과 소통해야","..\rawdata\기업별 관련기사\은행\_은행공통\20200403 은행, 위기일수록 디지털채널로 고객과 소통해야.md"
20200420,캐피털사 급전 수혈에도...버티기 곧 한계,..\rawdata\기업별 관련기사\은행\_은행공통\20200420 캐피털사 급전 수혈에도...버티기 곧 한계.md
20200421,각국이 눈독들이는 중앙은행 디지털화폐(CBDC),..\rawdata\기업별 관련기사\은행\_은행공통\20200421 각국이 눈독들이는 중앙은행 디지털화폐(CBDC).md
20200427,"한은 디지털 시대, 은행 구조조정 불가피...재교육 절실","..\rawdata\기업별 관련기사\은행\_은행공통\20200427 한은 디지털 시대, 은행 구조조정 불가피...재교육 절실.md"
20200227,코로나가 바꾼 은행업무 비대면 채널 적극 활용,..\rawdata\기업별 관련기사\은행\광주은행\20200227 코로나가 바꾼 은행업무 비대면 채널 적극 활용.md
20200131,"신한銀의 파격실험 영업점, 돈 안벌어도 OK","..\rawdata\기업별 관련기사\은행\신한은행\20200131 신한銀의 파격실험 영업점, 돈 안벌어도 OK.md"
20200203,신한은행 지점 암행평가 270곳 펀드 판매정지…질적 도약 기회,..\rawdata\기업별 관련기사\은행\신한은행\20200203 신한은행 지점 암행평가 270곳 펀드 판매정지…질적 도약 기회.md
20200203,"신한은행, 순이익 목표 10% 낮췄다","..\rawdata\기업별 관련기사\은행\신한은행\20200203 신한은행, 순이익 목표 10% 낮췄다.md"
20200219,"신한은행, 찾아가는 자산관리 서비스 '컨시어지 뱅킹' 시행","..\rawdata\기업별 관련기사\은행\신한은행\20200219 신한은행, 찾아가는 자산관리 서비스 '컨시어지 뱅킹' 시행.md"
20200221,"DLF·라임에 데인 은행들, AI로 '불완전판매' 잡는다","..\rawdata\기업별 관련기사\은행\신한은행\20200221 DLF·라임에 데인 은행들, AI로 '불완전판매' 잡는다.md"
20200225,"대출 확대·이자 감면...은행, 소상공인 지원책 앞다퉈 내놔","..\rawdata\기업별 관련기사\은행\신한은행\20200225 대출 확대·이자 감면...은행, 소상공인 지원책 앞다퉈 내놔.md"
20200226,고객 발길 끊긴 은행 '비대면 거래' 증가,..\rawdata\기업별 관련기사\은행\신한은행\20200226 고객 발길 끊긴 은행 '비대면 거래' 증가.md
20200226,"신한은행, 본점 인력 최소 20% 재택근무 전환","..\rawdata\기업별 관련기사\은행\신한은행\20200226 신한은행, 본점 인력 최소 20% 재택근무 전환.md"
20200227,코로나가 바꾼 은행업무 비대면 채널 적극 활용,..\rawdata\기업별 관련기사\은행\신한은행\20200227 코로나가 바꾼 은행업무 비대면 채널 적극 활용.md
20200302,은행권 '팔로어 경쟁'…유튜브서 인스타로 확전,..\rawdata\기업별 관련기사\은행\신한은행\20200302 은행권 '팔로어 경쟁'…유튜브서 인스타로 확전.md
20200303,몇 번의 클릭으로 은퇴 설계 '척척',..\rawdata\기업별 관련기사\은행\신한은행\20200303 몇 번의 클릭으로 은퇴 설계 '척척'.md
20200303,자산관리도 AI로…30년치 빅데이터 분석해 금융시장 예측,..\rawdata\기업별 관련기사\은행\신한은행\20200303 자산관리도 AI로…30년치 빅데이터 분석해 금융시장 예측.md
20200309,코로나發 초저금리 시대…'인컴형' 자산 뜬다,..\rawdata\기업별 관련기사\은행\신한은행\20200309 코로나發 초저금리 시대…'인컴형' 자산 뜬다.md
20200310,DLF 여파…전문성 높인 '씨티銀 모델' 확산,..\rawdata\기업별 관련기사\은행\신한은행\20200310 DLF 여파…전문성 높인 '씨티銀 모델' 확산.md
20200310,금융도 '언택트' 시대…기술과 만난 금융상품이 웃었다,..\rawdata\기업별 관련기사\은행\신한은행\20200310 금융도 '언택트' 시대…기술과 만난 금융상품이 웃었다.md
20200311,"코로나 피해 지원, 문턱 낮추고 속도 높이자…은행들 잰걸음","..\rawdata\기업별 관련기사\은행\신한은행\20200311 코로나 피해 지원, 문턱 낮추고 속도 높이자…은행들 잰걸음.md"
20200315,'강남도 없앴다' 불붙은 은행 영업점 통폐합,..\rawdata\기업별 관련기사\은행\신한은행\20200315 '강남도 없앴다' 불붙은 은행 영업점 통폐합.md
20200324,"조용병 신한금융 회장 5대 디지털 기술, CEO가 키워라","..\rawdata\기업별 관련기사\은행\신한은행\20200324 조용병 신한금융 회장 5대 디지털 기술, CEO가 키워라.md"
20200325,신한은행의 실험…카톡으로 창구 서비스 조사,..\rawdata\기업별 관련기사\은행\신한은행\20200325 신한은행의 실험…카톡으로 창구 서비스 조사.md
20200330,금융권 '디지털 자산' 진입 시작될까... KB국민은행에 쏠린 눈,..\rawdata\기업별 관련기사\은행\신한은행\20200330 금융권 '디지털 자산' 진입 시작될까... KB국민은행에 쏠린 눈.md
20200330,신한은행의 진화하는 디지털 노마드 '디지털 플렉서',..\rawdata\기업별 관련기사\은행\신한은행\20200330 신한은행의 진화하는 디지털 노마드 '디지털 플렉서'.md
20200406,"소상공인 대출승인 '속도 Up'…신한銀, 블록체인 기술 도입","..\rawdata\기업별 관련기사\은행\신한은행\20200406 소상공인 대출승인 '속도 Up'…신한銀, 블록체인 기술 도입.md"
20200406,"신한은행, ‘금융소비자보호 오피서’ 신설","..\rawdata\기업별 관련기사\은행\신한은행\20200406 신한은행, ‘금융소비자보호 오피서’ 신설.md"
20200410,'포스트 베트남' 미얀마로 가자…국민·기업·산업은행 잇따라 인가 획득,..\rawdata\기업별 관련기사\은행\신한은행\20200410 '포스트 베트남' 미얀마로 가자…국민·기업·산업은행 잇따라 인가 획득.md
20200413,금융상품 검색하니…맞춤상품 문자가 딩동,..\rawdata\기업별 관련기사\은행\신한은행\20200413 금융상품 검색하니…맞춤상품 문자가 딩동.md
20200413,"신한銀, 2020년 수시채용 실시..디지털·기업금융 인재 확보","..\rawdata\기업별 관련기사\은행\신한은행\20200413 신한銀, 2020년 수시채용 실시..디지털·기업금융 인재 확보.md"
20200421,"홀대 받지만…금융권, 위기극복엔 ‘총대’","..\rawdata\기업별 관련기사\은행\신한은행\20200421 홀대 받지만…금융권, 위기극복엔 ‘총대’.md"
20200429,코로나 위기 속 빛난 신한 IP담보대출,..\rawdata\기업별 관련기사\은행\신한은행\20200429 코로나 위기 속 빛난 신한 IP담보대출.md
20200430,"'언택트'가 뜬다 시중은행, 비대면 채널 차별화에 집중","..\rawdata\기업별 관련기사\은행\신한은행\20200430 '언택트'가 뜬다 시중은행, 비대면 채널 차별화에 집중.md"
20200310,DLF 여파…전문성 높인 '씨티銀 모델' 확산,..\rawdata\기업별 관련기사\은행\씨티은행\20200310 DLF 여파…전문성 높인 '씨티銀 모델' 확산.md
20200204,"우리은행, 금감원 키코 분쟁조정안 전격 수용... 다른 은행들도 배상 나설까","..\rawdata\기업별 관련기사\은행\우리은행\20200204 우리은행, 금감원 키코 분쟁조정안 전격 수용... 다른 은행들도 배상 나설까.md"
20200206,우리銀 '도넘은 일탈'…고객 비밀번호 도용,..\rawdata\기업별 관련기사\은행\우리은행\20200206 우리銀 '도넘은 일탈'…고객 비밀번호 도용.md
20200221,"DLF·라임에 데인 은행들, AI로 '불완전판매' 잡는다","..\rawdata\기업별 관련기사\은행\우리은행\20200221 DLF·라임에 데인 은행들, AI로 '불완전판매' 잡는다.md"
20200225,"대출 확대·이자 감면...은행, 소상공인 지원책 앞다퉈 내놔","..\rawdata\기업별 관련기사\은행\우리은행\20200225 대출 확대·이자 감면...은행, 소상공인 지원책 앞다퉈 내놔.md"
20200226,고객 발길 끊긴 은행 '비대면 거래' 증가,..\rawdata\기업별 관련기사\은행\우리은행\20200226 고객 발길 끊긴 은행 '비대면 거래' 증가.md
20200227,코로나가 바꾼 은행업무 비대면 채널 적극 활용,..\rawdata\기업별 관련기사\은행\우리은행\20200227 코로나가 바꾼 은행업무 비대면 채널 적극 활용.md
20200302,은행권 '팔로어 경쟁'…유튜브서 인스타로 확전,..\rawdata\기업별 관련기사\은행\우리은행\20200302 은행권 '팔로어 경쟁'…유튜브서 인스타로 확전.md
20200303,몇 번의 클릭으로 은퇴 설계 '척척',..\rawdata\기업별 관련기사\은행\우리은행\20200303 몇 번의 클릭으로 은퇴 설계 '척척'.md
20200303,자산관리도 AI로…30년치 빅데이터 분석해 금융시장 예측,..\rawdata\기업별 관련기사\은행\우리은행\20200303 자산관리도 AI로…30년치 빅데이터 분석해 금융시장 예측.md
20200309,권광석 우리은행장의 '탕평인사',..\rawdata\기업별 관련기사\은행\우리은행\20200309 권광석 우리은행장의 '탕평인사'.md
20200309,코로나發 초저금리 시대…'인컴형' 자산 뜬다,..\rawdata\기업별 관련기사\은행\우리은행\20200309 코로나發 초저금리 시대…'인컴형' 자산 뜬다.md
20200311,"코로나 피해 지원, 문턱 낮추고 속도 높이자…은행들 잰걸음","..\rawdata\기업별 관련기사\은행\우리은행\20200311 코로나 피해 지원, 문턱 낮추고 속도 높이자…은행들 잰걸음.md"
20200315,'강남도 없앴다' 불붙은 은행 영업점 통폐합,..\rawdata\기업별 관련기사\은행\우리은행\20200315 '강남도 없앴다' 불붙은 은행 영업점 통폐합.md
20200317,"우리은행, 빅데이터 활용해 금융의 초(超)개인화 나선다","..\rawdata\기업별 관련기사\은행\우리은행\20200317 우리은행, 빅데이터 활용해 금융의 초(超)개인화 나선다.md"
20200324,밤 11시에도 예금한다…우리은행 '디지털 금융점포' 개점,..\rawdata\기업별 관련기사\은행\우리은행\20200324 밤 11시에도 예금한다…우리은행 '디지털 금융점포' 개점.md
20200325,권광석 신임 우리은행장 은행 조직 전면 재정비,..\rawdata\기업별 관련기사\은행\우리은행\20200325 권광석 신임 우리은행장 은행 조직 전면 재정비.md
20200326,"우리은행, '가업승계 TAX컨설팅센터' 오픈","..\rawdata\기업별 관련기사\은행\우리은행\20200326 우리은행, '가업승계 TAX컨설팅센터' 오픈.md"
20200401,권광석 우리은행장 첫 인사는 행장 직속 '미래금융부' 신설,..\rawdata\기업별 관련기사\은행\우리은행\20200401 권광석 우리은행장 첫 인사는 행장 직속 '미래금융부' 신설.md
20200403,"우리은행, 미래지향적 빅데이터 시스템 구축","..\rawdata\기업별 관련기사\은행\우리은행\20200403 우리은행, 미래지향적 빅데이터 시스템 구축.md"
20200406,"은행·증권사, IRP 불이익 설명 안해…불완전판매 위험","..\rawdata\기업별 관련기사\은행\우리은행\20200406 은행·증권사, IRP 불이익 설명 안해…불완전판매 위험.md"
20200421,"홀대 받지만…금융권, 위기극복엔 ‘총대’","..\rawdata\기업별 관련기사\은행\우리은행\20200421 홀대 받지만…금융권, 위기극복엔 ‘총대’.md"
20200427,은행 공채에 ‘코딩’ 등장… 어떻게 준비할까,..\rawdata\기업별 관련기사\은행\우리은행\20200427 은행 공채에 ‘코딩’ 등장… 어떻게 준비할까.md
20200430,"'언택트'가 뜬다 시중은행, 비대면 채널 차별화에 집중","..\rawdata\기업별 관련기사\은행\우리은행\20200430 '언택트'가 뜬다 시중은행, 비대면 채널 차별화에 집중.md"
20200211,"상담원이 답변 설계… “잘 키웠다, 카뱅 상담챗봇”","..\rawdata\기업별 관련기사\은행\카카오뱅크\20200211 상담원이 답변 설계… “잘 키웠다, 카뱅 상담챗봇”.md"
20200325,"  카카오뱅크, 소액 자동 저축 상품에 은행권 최초 AI 알고리즘 반영","..\rawdata\기업별 관련기사\은행\카카오뱅크\20200325   카카오뱅크, 소액 자동 저축 상품에 은행권 최초 AI 알고리즘 반영.md"
20200316,정치권 '은산분리 몽니'에 1호 인터넷은행 케이뱅크 '생사기로',..\rawdata\기업별 관련기사\은행\케이뱅크\20200316 정치권 '은산분리 몽니'에 1호 인터넷은행 케이뱅크 '생사기로'.md
20200205,이 불황에 이자 8만원이 어디냐 은행이 미어터졌다,..\rawdata\기업별 관련기사\은행\하나은행\20200205 이 불황에 이자 8만원이 어디냐 은행이 미어터졌다.md
20200221,"DLF·라임에 데인 은행들, AI로 '불완전판매' 잡는다","..\rawdata\기업별 관련기사\은행\하나은행\20200221 DLF·라임에 데인 은행들, AI로 '불완전판매' 잡는다.md"
20200224,"하나銀, 음성+모바일화면 결합 ARS서비스","..\rawdata\기업별 관련기사\은행\하나은행\20200224 하나銀, 음성+모바일화면 결합 ARS서비스.md"
20200225,"대출 확대·이자 감면...은행, 소상공인 지원책 앞다퉈 내놔","..\rawdata\기업별 관련기사\은행\하나은행\20200225 대출 확대·이자 감면...은행, 소상공인 지원책 앞다퉈 내놔.md"
20200226,고객 발길 끊긴 은행 '비대면 거래' 증가,..\rawdata\기업별 관련기사\은행\하나은행\20200226 고객 발길 끊긴 은행 '비대면 거래' 증가.md
20200227,코로나가 바꾼 은행업무 비대면 채널 적극 활용,..\rawdata\기업별 관련기사\은행\하나은행\20200227 코로나가 바꾼 은행업무 비대면 채널 적극 활용.md
20200302,버티던 하나銀도 예·적금 금리 내린다,..\rawdata\기업별 관련기사\은행\하나은행\20200302 버티던 하나銀도 예·적금 금리 내린다.md
20200303,몇 번의 클릭으로 은퇴 설계 '척척',..\rawdata\기업별 관련기사\은행\하나은행\20200303 몇 번의 클릭으로 은퇴 설계 '척척'.md
20200303,자산관리도 AI로…30년치 빅데이터 분석해 금융시장 예측,..\rawdata\기업별 관련기사\은행\하나은행\20200303 자산관리도 AI로…30년치 빅데이터 분석해 금융시장 예측.md
20200309,코로나發 초저금리 시대…'인컴형' 자산 뜬다,..\rawdata\기업별 관련기사\은행\하나은행\20200309 코로나發 초저금리 시대…'인컴형' 자산 뜬다.md
20200310,금융도 '언택트' 시대…기술과 만난 금융상품이 웃었다,..\rawdata\기업별 관련기사\은행\하나은행\20200310 금융도 '언택트' 시대…기술과 만난 금융상품이 웃었다.md
20200311,"코로나 피해 지원, 문턱 낮추고 속도 높이자…은행들 잰걸음","..\rawdata\기업별 관련기사\은행\하나은행\20200311 코로나 피해 지원, 문턱 낮추고 속도 높이자…은행들 잰걸음.md"
20200315,'강남도 없앴다' 불붙은 은행 영업점 통폐합,..\rawdata\기업별 관련기사\은행\하나은행\20200315 '강남도 없앴다' 불붙은 은행 영업점 통폐합.md
20200316,실탄 채워라…금융지주 자본 2.5조 늘려,..\rawdata\기업별 관련기사\은행\하나은행\20200316 실탄 채워라…금융지주 자본 2.5조 늘려.md
20200318,  코로나發 복합위기 대응...우리금융 비상경영위 신설,..\rawdata\기업별 관련기사\은행\하나은행\20200318   코로나發 복합위기 대응...우리금융 비상경영위 신설.md
20200403,"하나銀-배민, 주문 수로 은행 대출 가능해진다","..\rawdata\기업별 관련기사\은행\하나은행\20200403 하나銀-배민, 주문 수로 은행 대출 가능해진다.md"
20200416,앗! 뜨거…하나銀 '컵라면 대출' 인기,..\rawdata\기업별 관련기사\은행\하나은행\20200416 앗! 뜨거…하나銀 '컵라면 대출' 인기.md
20200421,"홀대 받지만…금융권, 위기극복엔 ‘총대’","..\rawdata\기업별 관련기사\은행\하나은행\20200421 홀대 받지만…금융권, 위기극복엔 ‘총대’.md"
20200423,"하나은행, 블록체인 기반 기업금융 본격화","..\rawdata\기업별 관련기사\은행\하나은행\20200423 하나은행, 블록체인 기반 기업금융 본격화.md"
20200330,  비대면 계좌 33%씩 증가…증권사 디지털 올인,..\rawdata\기업별 관련기사\증권사\KB증권\20200330   비대면 계좌 33%씩 증가…증권사 디지털 올인.md
20200330,  비대면 계좌 33%씩 증가…증권사 디지털 올인,..\rawdata\기업별 관련기사\증권사\NH투자증권\20200330   비대면 계좌 33%씩 증가…증권사 디지털 올인.md
20200330,증시로 몰려드는 개미… '활동' 주식계좌 117만개 급증,..\rawdata\기업별 관련기사\증권사\NH투자증권\20200330 증시로 몰려드는 개미… '활동' 주식계좌 117만개 급증.md
20200406,"은행·증권사, IRP 불이익 설명 안해…불완전판매 위험","..\rawdata\기업별 관련기사\증권사\NH투자증권\20200406 은행·증권사, IRP 불이익 설명 안해…불완전판매 위험.md"
20200330,  비대면 계좌 33%씩 증가…증권사 디지털 올인,..\rawdata\기업별 관련기사\증권사\SK증권\20200330   비대면 계좌 33%씩 증가…증권사 디지털 올인.md
20200309,코스피 4%대 폭락…아시아·유럽 증시 곤두박질,..\rawdata\기업별 관련기사\증권사\_공통\20200309 코스피 4%대 폭락…아시아·유럽 증시 곤두박질.md
20200310,주가 급락 비상대책 한시적 공매도 금지,..\rawdata\기업별 관련기사\증권사\_공통\20200310 주가 급락 비상대책 한시적 공매도 금지.md
20200311,사수하라 1900 구원투수 나선 연기금,..\rawdata\기업별 관련기사\증권사\_공통\20200311 사수하라 1900 구원투수 나선 연기금.md
20200316,"증시전문가 한은 금리 인하, 즉각 효과는 크지 않을 듯","..\rawdata\기업별 관련기사\증권사\_공통\20200316 증시전문가 한은 금리 인하, 즉각 효과는 크지 않을 듯.md"
20200318,MMF·채권형에 자금 몰려…2월 펀드 순자산 10.8조원↑,..\rawdata\기업별 관련기사\증권사\_공통\20200318 MMF·채권형에 자금 몰려…2월 펀드 순자산 10.8조원↑.md
20200319,"금감원, 주식·채권시장 위기등급 '심각·경계'로 격상","..\rawdata\기업별 관련기사\증권사\_공통\20200319 금감원, 주식·채권시장 위기등급 '심각·경계'로 격상.md"
20200320,외국인 하루에 1조 순매도...'5조 증안펀드로 얼마나 버티겠나',..\rawdata\기업별 관련기사\증권사\_공통\20200320 외국인 하루에 1조 순매도...'5조 증안펀드로 얼마나 버티겠나'.md
20200325,개미 매수에 주가 이틀째 급등…거래대금 역대 최대,..\rawdata\기업별 관련기사\증권사\_공통\20200325 개미 매수에 주가 이틀째 급등…거래대금 역대 최대.md
20200401,작년 코스피 상장사 순이익 ‘반토막’,..\rawdata\기업별 관련기사\증권사\_공통\20200401 작년 코스피 상장사 순이익 ‘반토막’.md
20200427,원유선물ETF 잡음 지속…이번엔 순자산가치 표시 오류 논란,..\rawdata\기업별 관련기사\증권사\_공통\20200427 원유선물ETF 잡음 지속…이번엔 순자산가치 표시 오류 논란.md
20200330,  비대면 계좌 33%씩 증가…증권사 디지털 올인,..\rawdata\기업별 관련기사\증권사\미래에셋대우\20200330   비대면 계좌 33%씩 증가…증권사 디지털 올인.md
20200330,증시로 몰려드는 개미… '활동' 주식계좌 117만개 급증,..\rawdata\기업별 관련기사\증권사\미래에셋대우\20200330 증시로 몰려드는 개미… '활동' 주식계좌 117만개 급증.md
20200406,"은행·증권사, IRP 불이익 설명 안해…불완전판매 위험","..\rawdata\기업별 관련기사\증권사\미래에셋대우\20200406 은행·증권사, IRP 불이익 설명 안해…불완전판매 위험.md"
20200330,  비대면 계좌 33%씩 증가…증권사 디지털 올인,..\rawdata\기업별 관련기사\증권사\신한금융투자\20200330   비대면 계좌 33%씩 증가…증권사 디지털 올인.md
20200206,"오늘(5일) 출범하는 '카카오증권', 제2의 '카뱅' 될까","..\rawdata\기업별 관련기사\증권사\카카오페이증권\20200206 오늘(5일) 출범하는 '카카오증권', 제2의 '카뱅' 될까.md"
20200330,증시로 몰려드는 개미… '활동' 주식계좌 117만개 급증,..\rawdata\기업별 관련기사\증권사\카카오페이증권\20200330 증시로 몰려드는 개미… '활동' 주식계좌 117만개 급증.md
20200330,증시로 몰려드는 개미… '활동' 주식계좌 117만개 급증,..\rawdata\기업별 관련기사\증권사\키움증권\20200330 증시로 몰려드는 개미… '활동' 주식계좌 117만개 급증.md
20200406,"은행·증권사, IRP 불이익 설명 안해…불완전판매 위험","..\rawdata\기업별 관련기사\증권사\하이투자증권\20200406 은행·증권사, IRP 불이익 설명 안해…불완전판매 위험.md"
20200330,  비대면 계좌 33%씩 증가…증권사 디지털 올인,..\rawdata\기업별 관련기사\증권사\한국투자증권\20200330   비대면 계좌 33%씩 증가…증권사 디지털 올인.md
20200330,증시로 몰려드는 개미… '활동' 주식계좌 117만개 급증,..\rawdata\기업별 관련기사\증권사\한국투자증권\20200330 증시로 몰려드는 개미… '활동' 주식계좌 117만개 급증.md
20200406,"은행·증권사, IRP 불이익 설명 안해…불완전판매 위험","..\rawdata\기업별 관련기사\증권사\한국투자증권\20200406 은행·증권사, IRP 불이익 설명 안해…불완전판매 위험.md"
20200224,빅데이터 창고 연 카드사 네가 뭘 살지 딱 안다,..\rawdata\기업별 관련기사\카드사\KB국민카드\20200224 빅데이터 창고 연 카드사 네가 뭘 살지 딱 안다.md
20200306,"수수료 수익 의존 '직격탄'…하나카드, 사업다각화로 체질 개선","..\rawdata\기업별 관련기사\카드사\KB국민카드\20200306 수수료 수익 의존 '직격탄'…하나카드, 사업다각화로 체질 개선.md"
20200310,해외송금 뛰어든 국민카드… 핀테크 업체와 본격 경쟁,..\rawdata\기업별 관련기사\카드사\KB국민카드\20200310 해외송금 뛰어든 국민카드… 핀테크 업체와 본격 경쟁.md
20200221,카드사...AI가 고객상담·불량거래 포착...'데이터'=돈,..\rawdata\기업별 관련기사\카드사\_카드사 공통\20200221 카드사...AI가 고객상담·불량거래 포착...'데이터'=돈.md
20200303,핀테크 제휴 카드 '두둑한 캐시백' 없어지나,..\rawdata\기업별 관련기사\카드사\_카드사 공통\20200303 핀테크 제휴 카드 '두둑한 캐시백' 없어지나.md
20200317,"빅데이터로 본 코로나… 대전시, 확진자 발생 후 카드사용 55% '뚝'","..\rawdata\기업별 관련기사\카드사\_카드사 공통\20200317 빅데이터로 본 코로나… 대전시, 확진자 발생 후 카드사용 55% '뚝'.md"
20200401, 재난기본소득 잡아라…카드사 고객 유치전,..\rawdata\기업별 관련기사\카드사\_카드사 공통\202004016 재난기본소득 잡아라…카드사 고객 유치전.md
20200224,빅데이터 창고 연 카드사 네가 뭘 살지 딱 안다,..\rawdata\기업별 관련기사\카드사\롯데카드\20200224 빅데이터 창고 연 카드사 네가 뭘 살지 딱 안다.md
20200224,빅데이터 창고 연 카드사 네가 뭘 살지 딱 안다,..\rawdata\기업별 관련기사\카드사\삼성카드\20200224 빅데이터 창고 연 카드사 네가 뭘 살지 딱 안다.md
20200318,"삼성카드, 빅데이터 컨설팅 사업화 나선다","..\rawdata\기업별 관련기사\카드사\삼성카드\20200318 삼성카드, 빅데이터 컨설팅 사업화 나선다.md"
20200407,"  삼성카드, 머신러닝으로 피싱사기 거른다","..\rawdata\기업별 관련기사\카드사\삼성카드\20200407   삼성카드, 머신러닝으로 피싱사기 거른다.md"
20200224,빅데이터 창고 연 카드사 네가 뭘 살지 딱 안다,..\rawdata\기업별 관련기사\카드사\신한카드\20200224 빅데이터 창고 연 카드사 네가 뭘 살지 딱 안다.md
20200306,"수수료 수익 의존 '직격탄'…하나카드, 사업다각화로 체질 개선","..\rawdata\기업별 관련기사\카드사\신한카드\20200306 수수료 수익 의존 '직격탄'…하나카드, 사업다각화로 체질 개선.md"
20200309,"신한카드, 현대캐피탈 렌탈자산 인수..車금융, 속도낸다","..\rawdata\기업별 관련기사\카드사\신한카드\20200309 신한카드, 현대캐피탈 렌탈자산 인수..車금융, 속도낸다.md"
20200310,금융도 '언택트' 시대…기술과 만난 금융상품이 웃었다,..\rawdata\기업별 관련기사\카드사\신한카드\20200310 금융도 '언택트' 시대…기술과 만난 금융상품이 웃었다.md
20200324,"조용병 신한금융 회장 5대 디지털 기술, CEO가 키워라","..\rawdata\기업별 관련기사\카드사\신한카드\20200324 조용병 신한금융 회장 5대 디지털 기술, CEO가 키워라.md"
20200428,"신한카드, 소상공인 전용 신용평가 모형 개발 추진","..\rawdata\기업별 관련기사\카드사\신한카드\20200428 신한카드, 소상공인 전용 신용평가 모형 개발 추진.md"
20200306,"수수료 수익 의존 '직격탄'…하나카드, 사업다각화로 체질 개선","..\rawdata\기업별 관련기사\카드사\우리카드\20200306 수수료 수익 의존 '직격탄'…하나카드, 사업다각화로 체질 개선.md"
20200224,빅데이터 창고 연 카드사 네가 뭘 살지 딱 안다,..\rawdata\기업별 관련기사\카드사\하나카드\20200224 빅데이터 창고 연 카드사 네가 뭘 살지 딱 안다.md
20200306,"수수료 수익 의존 '직격탄'…하나카드, 사업다각화로 체질 개선","..\rawdata\기업별 관련기사\카드사\하나카드\20200306 수수료 수익 의존 '직격탄'…하나카드, 사업다각화로 체질 개선.md"
20200311,토스 신용카드 출격…3개월간 3% 적립,..\rawdata\기업별 관련기사\카드사\하나카드\20200311 토스 신용카드 출격…3개월간 3% 적립.md
20200224,빅데이터 창고 연 카드사 네가 뭘 살지 딱 안다,..\rawdata\기업별 관련기사\카드사\현대카드\20200224 빅데이터 창고 연 카드사 네가 뭘 살지 딱 안다.md
20200310,해외송금 뛰어든 국민카드… 핀테크 업체와 본격 경쟁,..\rawdata\기업별 관련기사\카드사\현대카드\20200310 해외송금 뛰어든 국민카드… 핀테크 업체와 본격 경쟁.md
20200416,"굿리치·토스의 정규직 보험설계사 실험, 성공할까","..\rawdata\기업별 관련기사\핀테크\굿리치\20200416 굿리치·토스의 정규직 보험설계사 실험, 성공할까.md"
20200311,토스 신용카드 출격…3개월간 3% 적립,..\rawdata\기업별 관련기사\핀테크\토스\20200311 토스 신용카드 출격…3개월간 3% 적립.md
20200416,"굿리치·토스의 정규직 보험설계사 실험, 성공할까","..\rawdata\기업별 관련기사\핀테크\토스\20200416 굿리치·토스의 정규직 보험설계사 실험, 성공할까.md"
