NewsDate,NewsTitle,Path,URL
20200129,"농협은행, 전 영업점에 방역 작업...'우한 폐렴' 확산 방지 총력","..\rawdata\기업별 관련기사\은행\NH농협은행\20200129 농협은행, 전 영업점에 방역 작업...'우한 폐렴' 확산 방지 총력.md",https://news.naver.com/main/read.nhn?mode=LS2D&mid=shm&sid1=101&sid2=259&oid=119&aid=0002379559
20200129,윤종원 제26대 IBK기업은행장 취임식,..\rawdata\기업별 관련기사\은행\IBK기업은행\20200129 윤종원 제26대 IBK기업은행장 취임식.md,https://news.naver.com/main/read.nhn?mode=LS2D&mid=shm&sid1=101&sid2=259&oid=011&aid=0003686613
20200131,"신한銀의 파격실험 영업점, 돈 안벌어도 OK","..\rawdata\기업별 관련기사\은행\신한은행\20200131 신한銀의 파격실험 영업점, 돈 안벌어도 OK.md",https://www.hankyung.com/economy/article/2020013080921
20200203,"신한은행, 순이익 목표 10% 낮췄다","..\rawdata\기업별 관련기사\은행\신한은행\20200203 신한은행, 순이익 목표 10% 낮췄다.md",https://www.hankyung.com/economy/article/2020020236931
20200203,신한은행 지점 암행평가 270곳 펀드 판매정지…질적 도약 기회,..\rawdata\기업별 관련기사\은행\신한은행\20200203 신한은행 지점 암행평가 270곳 펀드 판매정지…질적 도약 기회.md,http://news.mtn.co.kr/newscenter/news_viewer.mtn?gidx=2020020317062190978
20200203,국민은행 디지털 전환 첨병된 '인사이트 지점',..\rawdata\기업별 관련기사\은행\KB국민은행\20200203 국민은행 디지털 전환 첨병된 '인사이트 지점'.md,https://news.naver.com/main/read.nhn?mode=LS2D&mid=shm&sid1=101&sid2=259&oid=011&aid=0003689035
20200204,"하나금융, 역대 최대 순이익…'은행 쏠림'은 고민","..\rawdata\기업별 관련기사\금융그룹\하나금융그룹\20200204 하나금융, 역대 최대 순이익…'은행 쏠림'은 고민.md",https://news.naver.com/main/read.nhn?mode=LS2D&mid=shm&sid1=101&sid2=259&oid=015&aid=0004284134
20200204,"보험업계는 '제로성장'이라는데, 은행들은 왜 보험사를 사들일까","..\rawdata\기업별 관련기사\_공통\20200204 보험업계는 '제로성장'이라는데, 은행들은 왜 보험사를 사들일까.md",https://n.news.naver.com/article/025/0002972080
20200204,'종합금융그룹' 강조한 윤종원 기업은행장 지주 전환 도전할까,..\rawdata\기업별 관련기사\은행\IBK기업은행\20200204 '종합금융그룹' 강조한 윤종원 기업은행장 지주 전환 도전할까.md,https://n.news.naver.com/article/421/0004439723
20200204,"우리은행, 금감원 키코 분쟁조정안 전격 수용... 다른 은행들도 배상 나설까","..\rawdata\기업별 관련기사\은행\우리은행\20200204 우리은행, 금감원 키코 분쟁조정안 전격 수용... 다른 은행들도 배상 나설까.md",https://www.hankookilbo.com/News/Read/202002031799012881
20200205,이 불황에 이자 8만원이 어디냐 은행이 미어터졌다,..\rawdata\기업별 관련기사\은행\하나은행\20200205 이 불황에 이자 8만원이 어디냐 은행이 미어터졌다.md,https://biz.chosun.com/site/data/html_dir/2020/02/05/2020020500273.html
20200206,"오늘(5일) 출범하는 '카카오증권', 제2의 '카뱅' 될까","..\rawdata\기업별 관련기사\증권사\카카오페이증권\20200206 오늘(5일) 출범하는 '카카오증권', 제2의 '카뱅' 될까.md",http://news.tf.co.kr/read/economy/1778986.htm
20200206,신한금융 '역대최대' 순익…1등 금융지주 타이틀 수성,..\rawdata\기업별 관련기사\금융그룹\신한금융그룹\20200206 신한금융 '역대최대' 순익…1등 금융지주 타이틀 수성.md,https://www.mk.co.kr/news/economy/view/2020/02/120412/
20200206,우리銀 '도넘은 일탈'…고객 비밀번호 도용,..\rawdata\기업별 관련기사\은행\우리은행\20200206 우리銀 '도넘은 일탈'…고객 비밀번호 도용.md,https://www.hankyung.com/economy/article/2020020533001
20200206,김정태의 승부수…금융지주 초대형IB경쟁 본격화,..\rawdata\기업별 관련기사\_공통\20200206 김정태의 승부수…금융지주 초대형IB경쟁 본격화.md,http://news.heraldcorp.com/view.php?ud=20200205000286
20200206,“길 잃은 돈 잡아라”… 은행·핀테크 ‘소액 자산관리 전쟁’,..\rawdata\기업별 관련기사\_공통\20200206 “길 잃은 돈 잡아라”… 은행·핀테크 ‘소액 자산관리 전쟁’.md,http://news.kmib.co.kr/article/view.asp?arcid=0924121031&code=11151300&cp=nv
20200206,‘역대 호황’ 누린 은행들의 고민…“올해는 힘들다”,..\rawdata\기업별 관련기사\_공통\20200206 ‘역대 호황’ 누린 은행들의 고민…“올해는 힘들다”.md,http://www.donga.com/news/article/all/20200204/99535656/1
20200206,'디지털' 속도 내는 보험업계…디지털보험사 줄잇는다,..\rawdata\기업별 관련기사\_공통\20200206 '디지털' 속도 내는 보험업계…디지털보험사 줄잇는다.md,http://news1.kr/articles/?3833484
20200211,"상담원이 답변 설계… “잘 키웠다, 카뱅 상담챗봇”","..\rawdata\기업별 관련기사\은행\카카오뱅크\20200211 상담원이 답변 설계… “잘 키웠다, 카뱅 상담챗봇”.md",http://www.donga.com/news/article/all/20200204/99539637/1
20200218,"신한금융, 은행·증권·생명 등 '통합 연금자산 플랫폼' 출시","..\rawdata\기업별 관련기사\금융그룹\신한금융그룹\20200218 신한금융, 은행·증권·생명 등 '통합 연금자산 플랫폼' 출시.md",https://www.hankyung.com/economy/article/2020021724011
20200219,'지수 ETF'로 피신하는 외국인·기관,..\rawdata\기업별 관련기사\_공통\20200219 '지수 ETF'로 피신하는 외국인·기관.md,https://www.hankyung.com/finance/article/202002183788i
20200219,'신탁상품' 못키운 한국…노인들 'DLF'로 몰았다,..\rawdata\기업별 관련기사\_공통\20200219 '신탁상품' 못키운 한국…노인들 'DLF'로 몰았다.md,https://www.mk.co.kr/news/economy/view/2020/02/168288/
20200219,농협 약진에… '금융 빅4 체제' 금 가는 소리,..\rawdata\기업별 관련기사\은행\NH농협은행\20200219 농협 약진에… '금융 빅4 체제' 금 가는 소리.md,https://biz.chosun.com/site/data/html_dir/2020/02/19/2020021900080.html
20200219,"신한은행, 찾아가는 자산관리 서비스 '컨시어지 뱅킹' 시행","..\rawdata\기업별 관련기사\은행\신한은행\20200219 신한은행, 찾아가는 자산관리 서비스 '컨시어지 뱅킹' 시행.md",http://www.businesskorea.co.kr/news/articleView.html?idxno=41549
20200219,더케이손보 품은 하나금융 '디지털 손보사 전환' 서두른다,..\rawdata\기업별 관련기사\금융그룹\하나금융그룹\20200219 더케이손보 품은 하나금융 '디지털 손보사 전환' 서두른다.md,http://www.inews24.com/view/1243925
20200219,증시 때린 화웨이 제재·애플 실적 우려...새 리스크 되나,..\rawdata\기업별 관련기사\_공통\20200219 증시 때린 화웨이 제재·애플 실적 우려...새 리스크 되나.md,https://www.sedaily.com/NewsVIew/1YYYZZ3YB0
20200220,사고 안 나면 보험료 돌려주는 보험 나온다,..\rawdata\기업별 관련기사\보험사\생보사\삼성생명\20200220 사고 안 나면 보험료 돌려주는 보험 나온다.md,https://news.naver.com/main/read.nhn?mode=LS2D&mid=shm&sid1=101&sid2=259&oid=022&aid=0003440343
20200220,사고 안 나면 보험료 돌려주는 보험 나온다,..\rawdata\기업별 관련기사\보험사\생보사\미래에셋생명\20200220 사고 안 나면 보험료 돌려주는 보험 나온다.md,https://news.naver.com/main/read.nhn?mode=LS2D&mid=shm&sid1=101&sid2=259&oid=022&aid=0003440343
20200220,사고 안 나면 보험료 돌려주는 보험 나온다,..\rawdata\기업별 관련기사\은행\IBK기업은행\20200220 사고 안 나면 보험료 돌려주는 보험 나온다.md,https://news.naver.com/main/read.nhn?mode=LS2D&mid=shm&sid1=101&sid2=259&oid=022&aid=0003440343
20200220,코로나19 확산 공포에…금·달러·채권 초강세(종합),..\rawdata\기업별 관련기사\_공통\20200220 코로나19 확산 공포에…금·달러·채권 초강세(종합).md,https://news.v.daum.net/v/20200220184609866?f=p
20200221,굿바이 보험아줌마…로봇 설계사 시대 온다,..\rawdata\기업별 관련기사\보험사\손보사\KB손해보험\20200221 굿바이 보험아줌마…로봇 설계사 시대 온다.md,https://m.news.naver.com/read.nhn?mode=LSD&sid1=001&oid=008&aid=0004361320
20200221,굿바이 보험아줌마…로봇 설계사 시대 온다,..\rawdata\기업별 관련기사\보험사\손보사\삼성화재\20200221 굿바이 보험아줌마…로봇 설계사 시대 온다.md,https://m.news.naver.com/read.nhn?mode=LSD&sid1=001&oid=008&aid=0004361320
20200221,굿바이 보험아줌마…로봇 설계사 시대 온다,..\rawdata\기업별 관련기사\보험사\손보사\DB손해보험\20200221 굿바이 보험아줌마…로봇 설계사 시대 온다.md,https://m.news.naver.com/read.nhn?mode=LSD&sid1=001&oid=008&aid=0004361320
20200221,굿바이 보험아줌마…로봇 설계사 시대 온다,..\rawdata\기업별 관련기사\보험사\생보사\ABL생명\20200221 굿바이 보험아줌마…로봇 설계사 시대 온다.md,https://m.news.naver.com/read.nhn?mode=LSD&sid1=001&oid=008&aid=0004361320
20200221,굿바이 보험아줌마…로봇 설계사 시대 온다,..\rawdata\기업별 관련기사\보험사\손보사\현대해상\20200221 굿바이 보험아줌마…로봇 설계사 시대 온다.md,https://m.news.naver.com/read.nhn?mode=LSD&sid1=001&oid=008&aid=0004361320
20200221,"DLF·라임에 데인 은행들, AI로 '불완전판매' 잡는다","..\rawdata\기업별 관련기사\은행\하나은행\20200221 DLF·라임에 데인 은행들, AI로 '불완전판매' 잡는다.md",https://m.news.naver.com/read.nhn?mode=LSD&sid1=001&oid=008&aid=0004361321
20200221,"DLF·라임에 데인 은행들, AI로 '불완전판매' 잡는다","..\rawdata\기업별 관련기사\은행\우리은행\20200221 DLF·라임에 데인 은행들, AI로 '불완전판매' 잡는다.md",https://m.news.naver.com/read.nhn?mode=LSD&sid1=001&oid=008&aid=0004361321
20200221,"DLF·라임에 데인 은행들, AI로 '불완전판매' 잡는다","..\rawdata\기업별 관련기사\은행\신한은행\20200221 DLF·라임에 데인 은행들, AI로 '불완전판매' 잡는다.md",https://m.news.naver.com/read.nhn?mode=LSD&sid1=001&oid=008&aid=0004361321
20200221,"DLF·라임에 데인 은행들, AI로 '불완전판매' 잡는다","..\rawdata\기업별 관련기사\은행\KB국민은행\20200221 DLF·라임에 데인 은행들, AI로 '불완전판매' 잡는다.md",https://m.news.naver.com/read.nhn?mode=LSD&sid1=001&oid=008&aid=0004361321
20200221,굿바이 보험아줌마…로봇 설계사 시대 온다,..\rawdata\기업별 관련기사\보험사\생보사\한화생명\20200221 굿바이 보험아줌마…로봇 설계사 시대 온다.md,https://m.news.naver.com/read.nhn?mode=LSD&sid1=001&oid=008&aid=0004361320
20200221,굿바이 보험아줌마…로봇 설계사 시대 온다,..\rawdata\기업별 관련기사\보험사\생보사\교보생명\20200221 굿바이 보험아줌마…로봇 설계사 시대 온다.md,https://m.news.naver.com/read.nhn?mode=LSD&sid1=001&oid=008&aid=0004361320
20200221,카드사...AI가 고객상담·불량거래 포착...'데이터'=돈,..\rawdata\기업별 관련기사\카드사\_카드사 공통\20200221 카드사...AI가 고객상담·불량거래 포착...'데이터'=돈.md,https://m.news.naver.com/read.nhn?mode=LSD&sid1=001&oid=008&aid=0004361323
20200224,"현금없는 사회, 정말 올까요","..\rawdata\기업별 관련기사\_공통\20200224 현금없는 사회, 정말 올까요.md",https://news.naver.com/main/read.nhn?mode=LS2D&mid=shm&sid1=101&sid2=259&oid=003&aid=0009719052
20200224,빅데이터 창고 연 카드사 네가 뭘 살지 딱 안다,..\rawdata\기업별 관련기사\카드사\롯데카드\20200224 빅데이터 창고 연 카드사 네가 뭘 살지 딱 안다.md,https://news.naver.com/main/read.nhn?mode=LS2D&mid=shm&sid1=101&sid2=259&oid=015&aid=0004295742
20200224,빅데이터 창고 연 카드사 네가 뭘 살지 딱 안다,..\rawdata\기업별 관련기사\카드사\삼성카드\20200224 빅데이터 창고 연 카드사 네가 뭘 살지 딱 안다.md,https://news.naver.com/main/read.nhn?mode=LS2D&mid=shm&sid1=101&sid2=259&oid=015&aid=0004295742
20200224,빅데이터 창고 연 카드사 네가 뭘 살지 딱 안다,..\rawdata\기업별 관련기사\카드사\신한카드\20200224 빅데이터 창고 연 카드사 네가 뭘 살지 딱 안다.md,https://news.naver.com/main/read.nhn?mode=LS2D&mid=shm&sid1=101&sid2=259&oid=015&aid=0004295742
20200224,"은행권, 코로나19에 비상체제 돌입…지점폐쇄 등 줄지어","..\rawdata\기업별 관련기사\_공통\20200224 은행권, 코로나19에 비상체제 돌입…지점폐쇄 등 줄지어.md",https://news.naver.com/main/read.nhn?mode=LS2D&mid=shm&sid1=101&sid2=259&oid=003&aid=0009719966
20200224,"농협 순익, 기업 추월… 信經분리 후 처음 비용관리·자산확대땐 5대은행 진입 기대","..\rawdata\기업별 관련기사\은행\NH농협은행\20200224 농협 순익, 기업 추월… 信經분리 후 처음 비용관리·자산확대땐 5대은행 진입 기대.md",https://news.naver.com/main/read.nhn?mode=LS2D&mid=shm&sid1=101&sid2=259&oid=029&aid=0002586945
20200224,빅데이터 창고 연 카드사 네가 뭘 살지 딱 안다,..\rawdata\기업별 관련기사\카드사\KB국민카드\20200224 빅데이터 창고 연 카드사 네가 뭘 살지 딱 안다.md,https://news.naver.com/main/read.nhn?mode=LS2D&mid=shm&sid1=101&sid2=259&oid=015&aid=0004295742
20200224,"하나銀, 음성+모바일화면 결합 ARS서비스","..\rawdata\기업별 관련기사\은행\하나은행\20200224 하나銀, 음성+모바일화면 결합 ARS서비스.md",https://news.naver.com/main/read.nhn?mode=LS2D&mid=shm&sid1=101&sid2=259&oid=016&aid=0001639498
20200224,빅데이터 창고 연 카드사 네가 뭘 살지 딱 안다,..\rawdata\기업별 관련기사\카드사\하나카드\20200224 빅데이터 창고 연 카드사 네가 뭘 살지 딱 안다.md,https://news.naver.com/main/read.nhn?mode=LS2D&mid=shm&sid1=101&sid2=259&oid=015&aid=0004295742
20200224,빅데이터 창고 연 카드사 네가 뭘 살지 딱 안다,..\rawdata\기업별 관련기사\카드사\현대카드\20200224 빅데이터 창고 연 카드사 네가 뭘 살지 딱 안다.md,https://news.naver.com/main/read.nhn?mode=LS2D&mid=shm&sid1=101&sid2=259&oid=015&aid=0004295742
20200225,"대출 확대·이자 감면...은행, 소상공인 지원책 앞다퉈 내놔","..\rawdata\기업별 관련기사\은행\하나은행\20200225 대출 확대·이자 감면...은행, 소상공인 지원책 앞다퉈 내놔.md",https://news.naver.com/main/read.nhn?mode=LS2D&mid=shm&sid1=101&sid2=259&oid=011&aid=0003700275
20200225,"금감원, 미스터리쇼핑 예산 2배 확대...불완전판매 사전예방","..\rawdata\기업별 관련기사\_공통\20200225 금감원, 미스터리쇼핑 예산 2배 확대...불완전판매 사전예방.md",https://news.naver.com/main/read.nhn?mode=LS2D&mid=shm&sid1=101&sid2=259&oid=014&aid=0004378729
20200225,"대출 확대·이자 감면...은행, 소상공인 지원책 앞다퉈 내놔","..\rawdata\기업별 관련기사\은행\신한은행\20200225 대출 확대·이자 감면...은행, 소상공인 지원책 앞다퉈 내놔.md",https://news.naver.com/main/read.nhn?mode=LS2D&mid=shm&sid1=101&sid2=259&oid=011&aid=0003700275
20200225,"대출 확대·이자 감면...은행, 소상공인 지원책 앞다퉈 내놔","..\rawdata\기업별 관련기사\은행\KB국민은행\20200225 대출 확대·이자 감면...은행, 소상공인 지원책 앞다퉈 내놔.md",https://news.naver.com/main/read.nhn?mode=LS2D&mid=shm&sid1=101&sid2=259&oid=011&aid=0003700275
20200225,불어난 동산담보대출…6개 시중은행만 1兆,..\rawdata\기업별 관련기사\_공통\20200225 불어난 동산담보대출…6개 시중은행만 1兆.md,https://www.dailian.co.kr/news/view/870824?sc=Naver
20200225,"대출 확대·이자 감면...은행, 소상공인 지원책 앞다퉈 내놔","..\rawdata\기업별 관련기사\은행\우리은행\20200225 대출 확대·이자 감면...은행, 소상공인 지원책 앞다퉈 내놔.md",https://news.naver.com/main/read.nhn?mode=LS2D&mid=shm&sid1=101&sid2=259&oid=011&aid=0003700275
20200226,대면 비중 98%인데..보험설계사 손놨다,..\rawdata\기업별 관련기사\보험사\생보사\NH농협생명\20200226 대면 비중 98%인데..보험설계사 손놨다.md,https://news.naver.com/main/read.nhn?mode=LS2D&mid=shm&sid1=101&sid2=259&oid=011&aid=0003700981
20200226,"캐롯, 디지털보험 관련 특허 및 배타적 사용권 획득","..\rawdata\기업별 관련기사\보험사\손보사\캐롯손해보험\20200226 캐롯, 디지털보험 관련 특허 및 배타적 사용권 획득.md",https://news.naver.com/main/read.nhn?mode=LS2D&mid=shm&sid1=101&sid2=259&oid=468&aid=0000630959
20200226,대면 비중 98%인데..보험설계사 손놨다,..\rawdata\기업별 관련기사\보험사\생보사\한화생명\20200226 대면 비중 98%인데..보험설계사 손놨다.md,https://news.naver.com/main/read.nhn?mode=LS2D&mid=shm&sid1=101&sid2=259&oid=011&aid=0003700981
20200226,대면 비중 98%인데..보험설계사 손놨다,..\rawdata\기업별 관련기사\보험사\생보사\삼성생명\20200226 대면 비중 98%인데..보험설계사 손놨다.md,https://news.naver.com/main/read.nhn?mode=LS2D&mid=shm&sid1=101&sid2=259&oid=011&aid=0003700981
20200226,대면 비중 98%인데..보험설계사 손놨다,..\rawdata\기업별 관련기사\보험사\생보사\교보생명\20200226 대면 비중 98%인데..보험설계사 손놨다.md,https://news.naver.com/main/read.nhn?mode=LS2D&mid=shm&sid1=101&sid2=259&oid=011&aid=0003700981
20200226,고객 발길 끊긴 은행 '비대면 거래' 증가,..\rawdata\기업별 관련기사\은행\NH농협은행\20200226 고객 발길 끊긴 은행 '비대면 거래' 증가.md,https://news.naver.com/main/read.nhn?mode=LS2D&mid=shm&sid1=101&sid2=259&oid=011&aid=0003700986
20200226,고객 발길 끊긴 은행 '비대면 거래' 증가,..\rawdata\기업별 관련기사\은행\KB국민은행\20200226 고객 발길 끊긴 은행 '비대면 거래' 증가.md,https://news.naver.com/main/read.nhn?mode=LS2D&mid=shm&sid1=101&sid2=259&oid=011&aid=0003700986
20200226,고객 발길 끊긴 은행 '비대면 거래' 증가,..\rawdata\기업별 관련기사\은행\하나은행\20200226 고객 발길 끊긴 은행 '비대면 거래' 증가.md,https://news.naver.com/main/read.nhn?mode=LS2D&mid=shm&sid1=101&sid2=259&oid=011&aid=0003700986
20200226,고객 발길 끊긴 은행 '비대면 거래' 증가,..\rawdata\기업별 관련기사\은행\우리은행\20200226 고객 발길 끊긴 은행 '비대면 거래' 증가.md,https://news.naver.com/main/read.nhn?mode=LS2D&mid=shm&sid1=101&sid2=259&oid=011&aid=0003700986
20200226,고객 발길 끊긴 은행 '비대면 거래' 증가,..\rawdata\기업별 관련기사\은행\신한은행\20200226 고객 발길 끊긴 은행 '비대면 거래' 증가.md,https://news.naver.com/main/read.nhn?mode=LS2D&mid=shm&sid1=101&sid2=259&oid=011&aid=0003700986
20200226,"금융위, 한국형 상거래 신용지수 도입한다…내달 연계보증상품 출시","..\rawdata\기업별 관련기사\금융공기업\신용보증기금\20200226 금융위, 한국형 상거래 신용지수 도입한다…내달 연계보증상품 출시.md",https://news.naver.com/main/read.nhn?mode=LS2D&mid=shm&sid1=101&sid2=259&oid=119&aid=0002385225
20200226,"신한은행, 본점 인력 최소 20% 재택근무 전환","..\rawdata\기업별 관련기사\은행\신한은행\20200226 신한은행, 본점 인력 최소 20% 재택근무 전환.md",https://news.naver.com/main/read.nhn?mode=LS2D&mid=shm&sid1=101&sid2=259&oid=277&aid=0004631863
20200227,신한PWM센터 27개로 축소 '효율성 제고',..\rawdata\기업별 관련기사\금융그룹\신한금융그룹\20200227 신한PWM센터 27개로 축소 '효율성 제고'.md,http://www.thebell.co.kr/free/content/ArticleView.asp?key=202002251147058800108391&svccode=00&page=1&sort=thebell_check_time
20200227,코로나가 바꾼 은행업무 비대면 채널 적극 활용,..\rawdata\기업별 관련기사\은행\하나은행\20200227 코로나가 바꾼 은행업무 비대면 채널 적극 활용.md,https://www.fnnews.com/news/202002271835436576
20200227,코로나가 바꾼 은행업무 비대면 채널 적극 활용,..\rawdata\기업별 관련기사\은행\우리은행\20200227 코로나가 바꾼 은행업무 비대면 채널 적극 활용.md,https://www.fnnews.com/news/202002271835436576
20200227,코로나가 바꾼 은행업무 비대면 채널 적극 활용,..\rawdata\기업별 관련기사\은행\신한은행\20200227 코로나가 바꾼 은행업무 비대면 채널 적극 활용.md,https://www.fnnews.com/news/202002271835436576
20200227,코로나가 바꾼 은행업무 비대면 채널 적극 활용,..\rawdata\기업별 관련기사\은행\광주은행\20200227 코로나가 바꾼 은행업무 비대면 채널 적극 활용.md,https://www.fnnews.com/news/202002271835436576
20200227,코로나가 바꾼 은행업무 비대면 채널 적극 활용,..\rawdata\기업별 관련기사\은행\KB국민은행\20200227 코로나가 바꾼 은행업무 비대면 채널 적극 활용.md,https://www.fnnews.com/news/202002271835436576
20200302,은행권 '팔로어 경쟁'…유튜브서 인스타로 확전,..\rawdata\기업별 관련기사\은행\신한은행\20200302 은행권 '팔로어 경쟁'…유튜브서 인스타로 확전.md,https://www.hankyung.com/economy/article/2020030166221
20200302,은행권 '팔로어 경쟁'…유튜브서 인스타로 확전,..\rawdata\기업별 관련기사\은행\NH농협은행\20200302 은행권 '팔로어 경쟁'…유튜브서 인스타로 확전.md,https://www.hankyung.com/economy/article/2020030166221
20200302,은행권 '팔로어 경쟁'…유튜브서 인스타로 확전,..\rawdata\기업별 관련기사\은행\우리은행\20200302 은행권 '팔로어 경쟁'…유튜브서 인스타로 확전.md,https://www.hankyung.com/economy/article/2020030166221
20200302,은행권 '팔로어 경쟁'…유튜브서 인스타로 확전,..\rawdata\기업별 관련기사\은행\KB국민은행\20200302 은행권 '팔로어 경쟁'…유튜브서 인스타로 확전.md,https://www.hankyung.com/economy/article/2020030166221
20200302,버티던 하나銀도 예·적금 금리 내린다,..\rawdata\기업별 관련기사\은행\하나은행\20200302 버티던 하나銀도 예·적금 금리 내린다.md,https://www.sedaily.com/NewsVIew/1Z014H6GTM
20200302,은행권 '팔로어 경쟁'…유튜브서 인스타로 확전,..\rawdata\기업별 관련기사\은행\IBK기업은행\20200302 은행권 '팔로어 경쟁'…유튜브서 인스타로 확전.md,https://www.hankyung.com/economy/article/2020030166221
20200302,"은행·보험사, 혁신창업기업도 자회사 가능...음식배달·헬스케어 허용","..\rawdata\기업별 관련기사\보험사\_공통\20200302 은행·보험사, 혁신창업기업도 자회사 가능...음식배달·헬스케어 허용.md",https://news.naver.com/main/read.nhn?mode=LS2D&mid=shm&sid1=101&sid2=259&oid=014&aid=0004381915
20200302,"산업 경계 허무는 시대… 글로벌 ICT기업, 경쟁자이자 동반자","..\rawdata\기업별 관련기사\은행\KB국민은행\20200302 산업 경계 허무는 시대… 글로벌 ICT기업, 경쟁자이자 동반자.md",https://news.naver.com/main/read.nhn?mode=LS2D&mid=shm&sid1=101&sid2=259&oid=029&aid=0002587362
20200302,'벤처 한류' 이끄는 신한금융… 동남아 찍고 미국·유럽까지,..\rawdata\기업별 관련기사\금융그룹\신한금융그룹\20200302 '벤처 한류' 이끄는 신한금융… 동남아 찍고 미국·유럽까지.md,https://news.naver.com/main/read.nhn?mode=LS2D&mid=shm&sid1=101&sid2=259&oid=366&aid=0000481179
20200302,금융산업 혁신정책 주요 내용,..\rawdata\기업별 관련기사\_공통\20200302 금융산업 혁신정책 주요 내용.md,https://news.naver.com/main/read.nhn?mode=LS2D&mid=shm&sid1=101&sid2=259&oid=001&aid=0011441639
20200302,"은행·보험사, 혁신창업기업도 자회사 가능...음식배달·헬스케어 허용","..\rawdata\기업별 관련기사\_공통\20200302 은행·보험사, 혁신창업기업도 자회사 가능...음식배달·헬스케어 허용.md",https://news.naver.com/main/read.nhn?mode=LS2D&mid=shm&sid1=101&sid2=259&oid=014&aid=0004381915
20200303,몇 번의 클릭으로 은퇴 설계 '척척',..\rawdata\기업별 관련기사\은행\하나은행\20200303 몇 번의 클릭으로 은퇴 설계 '척척'.md,https://news.naver.com/main/read.nhn?mode=LS2D&mid=shm&sid1=101&sid2=259&oid=015&aid=0004300440
20200303,자산관리도 AI로…30년치 빅데이터 분석해 금융시장 예측,..\rawdata\기업별 관련기사\은행\하나은행\20200303 자산관리도 AI로…30년치 빅데이터 분석해 금융시장 예측.md,https://news.naver.com/main/read.nhn?mode=LS2D&mid=shm&sid1=101&sid2=259&oid=015&aid=0004300443
20200303,몇 번의 클릭으로 은퇴 설계 '척척',..\rawdata\기업별 관련기사\은행\IBK기업은행\20200303 몇 번의 클릭으로 은퇴 설계 '척척'.md,https://news.naver.com/main/read.nhn?mode=LS2D&mid=shm&sid1=101&sid2=259&oid=015&aid=0004300440
20200303,자산관리도 AI로…30년치 빅데이터 분석해 금융시장 예측,..\rawdata\기업별 관련기사\은행\IBK기업은행\20200303 자산관리도 AI로…30년치 빅데이터 분석해 금융시장 예측.md,https://news.naver.com/main/read.nhn?mode=LS2D&mid=shm&sid1=101&sid2=259&oid=015&aid=0004300443
20200303,몇 번의 클릭으로 은퇴 설계 '척척',..\rawdata\기업별 관련기사\은행\신한은행\20200303 몇 번의 클릭으로 은퇴 설계 '척척'.md,https://news.naver.com/main/read.nhn?mode=LS2D&mid=shm&sid1=101&sid2=259&oid=015&aid=0004300440
20200303,자산관리도 AI로…30년치 빅데이터 분석해 금융시장 예측,..\rawdata\기업별 관련기사\은행\신한은행\20200303 자산관리도 AI로…30년치 빅데이터 분석해 금융시장 예측.md,https://news.naver.com/main/read.nhn?mode=LS2D&mid=shm&sid1=101&sid2=259&oid=015&aid=0004300443
20200303,농협중앙회發 '인사태풍'…행장 등 7명 사임,..\rawdata\기업별 관련기사\금융그룹\농협중앙회\20200303 농협중앙회發 '인사태풍'…행장 등 7명 사임.md,https://news.naver.com/main/read.nhn?mode=LSD&mid=shm&sid1=101&oid=015&aid=0004300518
20200303,자산관리도 AI로…30년치 빅데이터 분석해 금융시장 예측,..\rawdata\기업별 관련기사\은행\우리은행\20200303 자산관리도 AI로…30년치 빅데이터 분석해 금융시장 예측.md,https://news.naver.com/main/read.nhn?mode=LS2D&mid=shm&sid1=101&sid2=259&oid=015&aid=0004300443
20200303,데이터 3법이 궁금해요! - 우리금융경영연구소,..\rawdata\기업별 관련기사\_공통\20200303 데이터 3법이 궁금해요! - 우리금융경영연구소.md,http://toktokmagazine.com/?p=339795
20200303,자산관리도 AI로…30년치 빅데이터 분석해 금융시장 예측,..\rawdata\기업별 관련기사\은행\KB국민은행\20200303 자산관리도 AI로…30년치 빅데이터 분석해 금융시장 예측.md,https://news.naver.com/main/read.nhn?mode=LS2D&mid=shm&sid1=101&sid2=259&oid=015&aid=0004300443
20200303,몇 번의 클릭으로 은퇴 설계 '척척',..\rawdata\기업별 관련기사\은행\우리은행\20200303 몇 번의 클릭으로 은퇴 설계 '척척'.md,https://news.naver.com/main/read.nhn?mode=LS2D&mid=shm&sid1=101&sid2=259&oid=015&aid=0004300440
20200303,자산관리도 AI로…30년치 빅데이터 분석해 금융시장 예측,..\rawdata\기업별 관련기사\은행\NH농협은행\20200303 자산관리도 AI로…30년치 빅데이터 분석해 금융시장 예측.md,https://news.naver.com/main/read.nhn?mode=LS2D&mid=shm&sid1=101&sid2=259&oid=015&aid=0004300443
20200303,핀테크 제휴 카드 '두둑한 캐시백' 없어지나,..\rawdata\기업별 관련기사\카드사\_카드사 공통\20200303 핀테크 제휴 카드 '두둑한 캐시백' 없어지나.md,https://www.hankyung.com/economy/article/2020030297661
20200303,몇 번의 클릭으로 은퇴 설계 '척척',..\rawdata\기업별 관련기사\은행\KB국민은행\20200303 몇 번의 클릭으로 은퇴 설계 '척척'.md,https://news.naver.com/main/read.nhn?mode=LS2D&mid=shm&sid1=101&sid2=259&oid=015&aid=0004300440
20200303,몇 번의 클릭으로 은퇴 설계 '척척',..\rawdata\기업별 관련기사\은행\NH농협은행\20200303 몇 번의 클릭으로 은퇴 설계 '척척'.md,https://news.naver.com/main/read.nhn?mode=LS2D&mid=shm&sid1=101&sid2=259&oid=015&aid=0004300440
20200303,농협중앙회發 '인사태풍'…행장 등 7명 사임,..\rawdata\기업별 관련기사\은행\NH농협은행\20200303 농협중앙회發 '인사태풍'…행장 등 7명 사임.md,https://news.naver.com/main/read.nhn?mode=LSD&mid=shm&sid1=101&oid=015&aid=0004300518
20200304,이성희發 농협 인사태풍…이대훈 행장 사임,..\rawdata\기업별 관련기사\금융그룹\농협중앙회\20200304 이성희發 농협 인사태풍…이대훈 행장 사임.md,https://www.mk.co.kr/news/economy/view/2020/03/224723/
20200304,"신한금융, 코로나 대응 '50억 모금 캠페인'","..\rawdata\기업별 관련기사\금융그룹\신한금융그룹\20200304 신한금융, 코로나 대응 '50억 모금 캠페인'.md",https://www.hankyung.com/economy/article/202003032343i
20200304,"금융위, 삼성전자 'ETF 비중 30% 캡' 규제 폐지에도…'지수 상한제' 밀어붙이는 거래소","..\rawdata\기업별 관련기사\금융공기업\한국거래소\20200304 금융위, 삼성전자 'ETF 비중 30% 캡' 규제 폐지에도…'지수 상한제' 밀어붙이는 거래소.md",https://www.hankyung.com/finance/article/202003032011i
20200304,이성희發 농협 인사태풍…이대훈 행장 사임,..\rawdata\기업별 관련기사\은행\NH농협은행\20200304 이성희發 농협 인사태풍…이대훈 행장 사임.md,https://www.mk.co.kr/news/economy/view/2020/03/224723/
20200305,"손태승 우리금융 회장 연임, 법원에 달렸다","..\rawdata\기업별 관련기사\금융그룹\우리금융그룹\20200305 손태승 우리금융 회장 연임, 법원에 달렸다.md",http://news.khan.co.kr/kh_news/khan_art_view.html?art_id=202003042043035
20200306,"수수료 수익 의존 '직격탄'…하나카드, 사업다각화로 체질 개선","..\rawdata\기업별 관련기사\카드사\하나카드\20200306 수수료 수익 의존 '직격탄'…하나카드, 사업다각화로 체질 개선.md",https://news.naver.com/main/read.nhn?mode=LS2D&mid=shm&sid1=101&sid2=259&oid=277&aid=0004637897
20200306,코로나 집콕 늘자 自保(자보) 손해율은 뚝,..\rawdata\기업별 관련기사\보험사\손보사\삼성화재\20200306 코로나 집콕 늘자 自保(자보) 손해율은 뚝.md,https://news.naver.com/main/read.nhn?mode=LS2D&mid=shm&sid1=101&sid2=259&oid=014&aid=0004385293
20200306,"김광수 농협금융 회장, 코로나19 피해기업 일일 상담원 나서","..\rawdata\기업별 관련기사\금융그룹\NH농협금융지주\20200306 김광수 농협금융 회장, 코로나19 피해기업 일일 상담원 나서.md",https://www.fnnews.com/news/202003061326053855
20200306,코로나 태풍에…비상등 켠 5대 금융지주,..\rawdata\기업별 관련기사\_공통\20200306 코로나 태풍에…비상등 켠 5대 금융지주.md,https://www.mk.co.kr/news/economy/view/2020/03/235333/
20200306,"김광수 농협금융 회장, 코로나19 피해기업 일일 상담원 나서","..\rawdata\기업별 관련기사\은행\NH농협은행\20200306 김광수 농협금융 회장, 코로나19 피해기업 일일 상담원 나서.md",https://www.fnnews.com/news/202003061326053855
20200306,"코로나 극복 12조 슈퍼추경, 농업계 위한 대책은 어디에","..\rawdata\기업별 관련기사\은행\NH농협은행\20200306 코로나 극복 12조 슈퍼추경, 농업계 위한 대책은 어디에.md",https://www.nongmin.com/news/NEWS/POL/GOV/320253/view
20200306,코로나 집콕 늘자 自保(자보) 손해율은 뚝,..\rawdata\기업별 관련기사\보험사\손보사\KB손해보험\20200306 코로나 집콕 늘자 自保(자보) 손해율은 뚝.md,https://news.naver.com/main/read.nhn?mode=LS2D&mid=shm&sid1=101&sid2=259&oid=014&aid=0004385293
20200306,코로나 집콕 늘자 自保(자보) 손해율은 뚝,..\rawdata\기업별 관련기사\보험사\손보사\현대해상\20200306 코로나 집콕 늘자 自保(자보) 손해율은 뚝.md,https://news.naver.com/main/read.nhn?mode=LS2D&mid=shm&sid1=101&sid2=259&oid=014&aid=0004385293
20200306,코로나 집콕 늘자 自保(자보) 손해율은 뚝,..\rawdata\기업별 관련기사\보험사\손보사\DB손해보험\20200306 코로나 집콕 늘자 自保(자보) 손해율은 뚝.md,https://news.naver.com/main/read.nhn?mode=LS2D&mid=shm&sid1=101&sid2=259&oid=014&aid=0004385293
20200306,"NH농협은행, 코로나19로 위축된 농가 돕기 나서","..\rawdata\기업별 관련기사\은행\NH농협은행\20200306 NH농협은행, 코로나19로 위축된 농가 돕기 나서.md",http://weekly.hankooki.com/lpage/economy/202003/wk20200306153338146410.htm
20200306,"수수료 수익 의존 '직격탄'…하나카드, 사업다각화로 체질 개선","..\rawdata\기업별 관련기사\카드사\신한카드\20200306 수수료 수익 의존 '직격탄'…하나카드, 사업다각화로 체질 개선.md",https://news.naver.com/main/read.nhn?mode=LS2D&mid=shm&sid1=101&sid2=259&oid=277&aid=0004637897
20200306,보험업계 '죽을맛'...해외투자 50%로 확대 무산에 기준금리도 인하 가능성,..\rawdata\기업별 관련기사\보험사\생보사\DB생명보험\20200306 보험업계 '죽을맛'...해외투자 50%로 확대 무산에 기준금리도 인하 가능성.md,https://news.naver.com/main/read.nhn?mode=LS2D&mid=shm&sid1=101&sid2=259&oid=031&aid=0000528562
20200306,"수수료 수익 의존 '직격탄'…하나카드, 사업다각화로 체질 개선","..\rawdata\기업별 관련기사\카드사\우리카드\20200306 수수료 수익 의존 '직격탄'…하나카드, 사업다각화로 체질 개선.md",https://news.naver.com/main/read.nhn?mode=LS2D&mid=shm&sid1=101&sid2=259&oid=277&aid=0004637897
20200306,보험업계 '죽을맛'...해외투자 50%로 확대 무산에 기준금리도 인하 가능성,..\rawdata\기업별 관련기사\보험사\생보사\한화생명\20200306 보험업계 '죽을맛'...해외투자 50%로 확대 무산에 기준금리도 인하 가능성.md,https://news.naver.com/main/read.nhn?mode=LS2D&mid=shm&sid1=101&sid2=259&oid=031&aid=0000528562
20200306,보험업계 '죽을맛'...해외투자 50%로 확대 무산에 기준금리도 인하 가능성,..\rawdata\기업별 관련기사\보험사\생보사\동양생명\20200306 보험업계 '죽을맛'...해외투자 50%로 확대 무산에 기준금리도 인하 가능성.md,https://news.naver.com/main/read.nhn?mode=LS2D&mid=shm&sid1=101&sid2=259&oid=031&aid=0000528562
20200306,보험업계 '죽을맛'...해외투자 50%로 확대 무산에 기준금리도 인하 가능성,..\rawdata\기업별 관련기사\보험사\생보사\미래에셋생명\20200306 보험업계 '죽을맛'...해외투자 50%로 확대 무산에 기준금리도 인하 가능성.md,https://news.naver.com/main/read.nhn?mode=LS2D&mid=shm&sid1=101&sid2=259&oid=031&aid=0000528562
20200306,보험사 압도하는 법인대리점…설계사 늘고 정착 길어져,..\rawdata\기업별 관련기사\보험사\_공통\20200306 보험사 압도하는 법인대리점…설계사 늘고 정착 길어져.md,https://news.naver.com/main/read.nhn?mode=LS2D&mid=shm&sid1=101&sid2=259&oid=277&aid=0004638012
20200306,보험업계 '죽을맛'...해외투자 50%로 확대 무산에 기준금리도 인하 가능성,..\rawdata\기업별 관련기사\보험사\생보사\교보생명\20200306 보험업계 '죽을맛'...해외투자 50%로 확대 무산에 기준금리도 인하 가능성.md,https://news.naver.com/main/read.nhn?mode=LS2D&mid=shm&sid1=101&sid2=259&oid=031&aid=0000528562
20200306,'문콕' 사고에도 뒷목 잡고 입원···'보험사기' 맞습니다,..\rawdata\기업별 관련기사\보험사\_공통\20200306 '문콕' 사고에도 뒷목 잡고 입원···'보험사기' 맞습니다.md,https://news.naver.com/main/read.nhn?mode=LS2D&mid=shm&sid1=101&sid2=259&oid=011&aid=0003705920
20200306,"수수료 수익 의존 '직격탄'…하나카드, 사업다각화로 체질 개선","..\rawdata\기업별 관련기사\카드사\KB국민카드\20200306 수수료 수익 의존 '직격탄'…하나카드, 사업다각화로 체질 개선.md",https://news.naver.com/main/read.nhn?mode=LS2D&mid=shm&sid1=101&sid2=259&oid=277&aid=0004637897
20200309,코로나發 초저금리 시대…'인컴형' 자산 뜬다,..\rawdata\기업별 관련기사\은행\신한은행\20200309 코로나發 초저금리 시대…'인컴형' 자산 뜬다.md,https://www.mk.co.kr/news/economy/view/2020/03/243173/
20200309,코로나發 초저금리 시대…'인컴형' 자산 뜬다,..\rawdata\기업별 관련기사\은행\우리은행\20200309 코로나發 초저금리 시대…'인컴형' 자산 뜬다.md,https://www.mk.co.kr/news/economy/view/2020/03/243173/
20200309,"신한카드, 현대캐피탈 렌탈자산 인수..車금융, 속도낸다","..\rawdata\기업별 관련기사\카드사\신한카드\20200309 신한카드, 현대캐피탈 렌탈자산 인수..車금융, 속도낸다.md",https://news.naver.com/main/read.nhn?mode=LS2D&mid=shm&sid1=101&sid2=259&oid=011&aid=0003707005
20200309,코로나發 초저금리 시대…'인컴형' 자산 뜬다,..\rawdata\기업별 관련기사\은행\KB국민은행\20200309 코로나發 초저금리 시대…'인컴형' 자산 뜬다.md,https://www.mk.co.kr/news/economy/view/2020/03/243173/
20200309,코로나發 초저금리 시대…'인컴형' 자산 뜬다,..\rawdata\기업별 관련기사\은행\하나은행\20200309 코로나發 초저금리 시대…'인컴형' 자산 뜬다.md,https://www.mk.co.kr/news/economy/view/2020/03/243173/
20200309,권광석 우리은행장의 '탕평인사',..\rawdata\기업별 관련기사\은행\우리은행\20200309 권광석 우리은행장의 '탕평인사'.md,https://www.mk.co.kr/news/economy/view/2020/03/243167/
20200309,코스피 4%대 폭락…아시아·유럽 증시 곤두박질,..\rawdata\기업별 관련기사\증권사\_공통\20200309 코스피 4%대 폭락…아시아·유럽 증시 곤두박질.md,https://news.naver.com/main/read.nhn?mode=LS2D&mid=shm&sid1=101&sid2=259&oid=028&aid=0002488608
20200310,금융도 '언택트' 시대…기술과 만난 금융상품이 웃었다,..\rawdata\기업별 관련기사\은행\KB국민은행\20200310 금융도 '언택트' 시대…기술과 만난 금융상품이 웃었다.md,https://m.news.naver.com/read.nhn?mode=LSD&mid=sec&sid1=101&oid=009&aid=0004533150
20200310,DLF 여파…전문성 높인 '씨티銀 모델' 확산,..\rawdata\기업별 관련기사\은행\씨티은행\20200310 DLF 여파…전문성 높인 '씨티銀 모델' 확산.md,https://m.mk.co.kr/news/economy/view/2020/03/247419/#
20200310,DLF 여파…전문성 높인 '씨티銀 모델' 확산,..\rawdata\기업별 관련기사\은행\신한은행\20200310 DLF 여파…전문성 높인 '씨티銀 모델' 확산.md,https://m.mk.co.kr/news/economy/view/2020/03/247419/#
20200310,주가 급락 비상대책 한시적 공매도 금지,..\rawdata\기업별 관련기사\증권사\_공통\20200310 주가 급락 비상대책 한시적 공매도 금지.md,https://www.mk.co.kr/news/stock/view/2020/03/247916/
20200310,금융도 '언택트' 시대…기술과 만난 금융상품이 웃었다,..\rawdata\기업별 관련기사\은행\하나은행\20200310 금융도 '언택트' 시대…기술과 만난 금융상품이 웃었다.md,https://m.news.naver.com/read.nhn?mode=LSD&mid=sec&sid1=101&oid=009&aid=0004533150
20200310,금융도 '언택트' 시대…기술과 만난 금융상품이 웃었다,..\rawdata\기업별 관련기사\카드사\신한카드\20200310 금융도 '언택트' 시대…기술과 만난 금융상품이 웃었다.md,https://m.news.naver.com/read.nhn?mode=LSD&mid=sec&sid1=101&oid=009&aid=0004533150
20200310,DLF 여파…전문성 높인 '씨티銀 모델' 확산,..\rawdata\기업별 관련기사\은행\NH농협은행\20200310 DLF 여파…전문성 높인 '씨티銀 모델' 확산.md,https://m.mk.co.kr/news/economy/view/2020/03/247419/#
20200310,"KB금융, ESG위원회 신설 지속가능 경영 구축","..\rawdata\기업별 관련기사\금융그룹\KB금융지주\20200310 KB금융, ESG위원회 신설 지속가능 경영 구축.md",https://www.hankyung.com/economy/article/2020030977431
20200310,DLF 여파…전문성 높인 '씨티銀 모델' 확산,..\rawdata\기업별 관련기사\은행\KB국민은행\20200310 DLF 여파…전문성 높인 '씨티銀 모델' 확산.md,https://m.mk.co.kr/news/economy/view/2020/03/247419/#
20200310,금융도 '언택트' 시대…기술과 만난 금융상품이 웃었다,..\rawdata\기업별 관련기사\은행\신한은행\20200310 금융도 '언택트' 시대…기술과 만난 금융상품이 웃었다.md,https://m.news.naver.com/read.nhn?mode=LSD&mid=sec&sid1=101&oid=009&aid=0004533150
20200310,‘가상자산 제도화’ 기회 만난 금융사…‘블록체인 동맹’ 활발,..\rawdata\기업별 관련기사\은행\_은행공통\20200310 ‘가상자산 제도화’ 기회 만난 금융사…‘블록체인 동맹’ 활발.md,https://www.fnnews.com/news/202003091639584098
20200310,금융도 '언택트' 시대…기술과 만난 금융상품이 웃었다,..\rawdata\기업별 관련기사\보험사\손보사\현대해상\20200310 금융도 '언택트' 시대…기술과 만난 금융상품이 웃었다.md,https://m.news.naver.com/read.nhn?mode=LSD&mid=sec&sid1=101&oid=009&aid=0004533150
20200310,금융도 '언택트' 시대…기술과 만난 금융상품이 웃었다,..\rawdata\기업별 관련기사\보험사\손보사\삼성화재\20200310 금융도 '언택트' 시대…기술과 만난 금융상품이 웃었다.md,https://m.news.naver.com/read.nhn?mode=LSD&mid=sec&sid1=101&oid=009&aid=0004533150
20200310,해외송금 뛰어든 국민카드… 핀테크 업체와 본격 경쟁,..\rawdata\기업별 관련기사\카드사\현대카드\20200310 해외송금 뛰어든 국민카드… 핀테크 업체와 본격 경쟁.md,https://news.naver.com/main/read.nhn?mode=LS2D&mid=shm&sid1=101&sid2=259&oid=014&aid=0004387379
20200310,금융도 '언택트' 시대…기술과 만난 금융상품이 웃었다,..\rawdata\기업별 관련기사\은행\NH농협은행\20200310 금융도 '언택트' 시대…기술과 만난 금융상품이 웃었다.md,https://m.news.naver.com/read.nhn?mode=LSD&mid=sec&sid1=101&oid=009&aid=0004533150
20200310,금융도 '언택트' 시대…기술과 만난 금융상품이 웃었다,..\rawdata\기업별 관련기사\보험사\생보사\교보생명\20200310 금융도 '언택트' 시대…기술과 만난 금융상품이 웃었다.md,https://m.news.naver.com/read.nhn?mode=LSD&mid=sec&sid1=101&oid=009&aid=0004533150
20200310,"은행, 저금리·부동산 규제·비이자수익 감소 ‘3중고’","..\rawdata\기업별 관련기사\은행\_은행공통\20200310 은행, 저금리·부동산 규제·비이자수익 감소 ‘3중고’.md",https://news.naver.com/main/read.nhn?mode=LS2D&mid=shm&sid1=101&sid2=259&oid=014&aid=0004387403
20200310,금융도 '언택트' 시대…기술과 만난 금융상품이 웃었다,..\rawdata\기업별 관련기사\보험사\손보사\DB손해보험\20200310 금융도 '언택트' 시대…기술과 만난 금융상품이 웃었다.md,https://m.news.naver.com/read.nhn?mode=LSD&mid=sec&sid1=101&oid=009&aid=0004533150
20200310,"우리금융, IMM PE와 함께 푸르덴셜생명 인수전 참여","..\rawdata\기업별 관련기사\금융그룹\우리금융그룹\20200310 우리금융, IMM PE와 함께 푸르덴셜생명 인수전 참여.md",https://news.naver.com/main/read.nhn?mode=LS2D&mid=shm&sid1=101&sid2=259&oid=018&aid=0004594544
20200310,해외송금 뛰어든 국민카드… 핀테크 업체와 본격 경쟁,..\rawdata\기업별 관련기사\카드사\KB국민카드\20200310 해외송금 뛰어든 국민카드… 핀테크 업체와 본격 경쟁.md,https://news.naver.com/main/read.nhn?mode=LS2D&mid=shm&sid1=101&sid2=259&oid=014&aid=0004387379
20200311,토스 신용카드 출격…3개월간 3% 적립,..\rawdata\기업별 관련기사\핀테크\토스\20200311 토스 신용카드 출격…3개월간 3% 적립.md,https://www.hankyung.com/economy/article/202003100445i
20200311,"코로나 피해 지원, 문턱 낮추고 속도 높이자…은행들 잰걸음","..\rawdata\기업별 관련기사\은행\하나은행\20200311 코로나 피해 지원, 문턱 낮추고 속도 높이자…은행들 잰걸음.md",https://news.naver.com/main/read.nhn?mode=LS2D&mid=shm&sid1=101&sid2=259&oid=277&aid=0004640893
20200311,"영국, 코로나19 충격에 기준금리 0.75→0.25%로 긴급 인하","..\rawdata\기업별 관련기사\_공통\20200311 영국, 코로나19 충격에 기준금리 0.75→0.25%로 긴급 인하.md",https://news.naver.com/main/read.nhn?mode=LS2D&mid=shm&sid1=101&sid2=259&oid=001&aid=0011465994
20200311,"코로나 피해 지원, 문턱 낮추고 속도 높이자…은행들 잰걸음","..\rawdata\기업별 관련기사\은행\KB국민은행\20200311 코로나 피해 지원, 문턱 낮추고 속도 높이자…은행들 잰걸음.md",https://news.naver.com/main/read.nhn?mode=LS2D&mid=shm&sid1=101&sid2=259&oid=277&aid=0004640893
20200311,"코로나 피해 지원, 문턱 낮추고 속도 높이자…은행들 잰걸음","..\rawdata\기업별 관련기사\은행\신한은행\20200311 코로나 피해 지원, 문턱 낮추고 속도 높이자…은행들 잰걸음.md",https://news.naver.com/main/read.nhn?mode=LS2D&mid=shm&sid1=101&sid2=259&oid=277&aid=0004640893
20200311,사수하라 1900 구원투수 나선 연기금,..\rawdata\기업별 관련기사\증권사\_공통\20200311 사수하라 1900 구원투수 나선 연기금.md,https://www.hankyung.com/finance/article/202003100055i
20200311,"코로나 피해 지원, 문턱 낮추고 속도 높이자…은행들 잰걸음","..\rawdata\기업별 관련기사\은행\우리은행\20200311 코로나 피해 지원, 문턱 낮추고 속도 높이자…은행들 잰걸음.md",https://news.naver.com/main/read.nhn?mode=LS2D&mid=shm&sid1=101&sid2=259&oid=277&aid=0004640893
20200311,"코로나 피해 지원, 문턱 낮추고 속도 높이자…은행들 잰걸음","..\rawdata\기업별 관련기사\은행\NH농협은행\20200311 코로나 피해 지원, 문턱 낮추고 속도 높이자…은행들 잰걸음.md",https://news.naver.com/main/read.nhn?mode=LS2D&mid=shm&sid1=101&sid2=259&oid=277&aid=0004640893
20200311,소호대출 1년새 17兆 늘린 5대은행..코로나 장기화 땐 연체율 상승 우려,..\rawdata\기업별 관련기사\은행\_은행공통\20200311 소호대출 1년새 17兆 늘린 5대은행..코로나 장기화 땐 연체율 상승 우려.md,https://news.naver.com/main/read.nhn?mode=LS2D&mid=shm&sid1=101&sid2=259&oid=014&aid=0004388236
20200311,토스 신용카드 출격…3개월간 3% 적립,..\rawdata\기업별 관련기사\카드사\하나카드\20200311 토스 신용카드 출격…3개월간 3% 적립.md,https://www.hankyung.com/economy/article/202003100445i
20200312,역대급 위기 온다…5대 금융지주 수장 올해 사업 전면 재검토,..\rawdata\기업별 관련기사\금융그룹\KB금융지주\20200312 역대급 위기 온다…5대 금융지주 수장 올해 사업 전면 재검토.md,https://m.news.naver.com/read.nhn?mode=LSD&sid1=001&oid=277&aid=0004641674
20200312,역대급 위기 온다…5대 금융지주 수장 올해 사업 전면 재검토,..\rawdata\기업별 관련기사\금융그룹\우리금융그룹\20200312 역대급 위기 온다…5대 금융지주 수장 올해 사업 전면 재검토.md,https://m.news.naver.com/read.nhn?mode=LSD&sid1=001&oid=277&aid=0004641674
20200312,역대급 위기 온다…5대 금융지주 수장 올해 사업 전면 재검토,..\rawdata\기업별 관련기사\금융그룹\신한금융그룹\20200312 역대급 위기 온다…5대 금융지주 수장 올해 사업 전면 재검토.md,https://m.news.naver.com/read.nhn?mode=LSD&sid1=001&oid=277&aid=0004641674
20200312,폭락장도 팬데믹… 9년만에 사이드카,..\rawdata\기업별 관련기사\_공통\20200312 폭락장도 팬데믹… 9년만에 사이드카.md,https://news.naver.com/main/read.nhn?mode=LS2D&mid=shm&sid1=101&sid2=259&oid=029&aid=0002588547
20200312,역대급 위기 온다…5대 금융지주 수장 올해 사업 전면 재검토,..\rawdata\기업별 관련기사\금융그룹\하나금융그룹\20200312 역대급 위기 온다…5대 금융지주 수장 올해 사업 전면 재검토.md,https://m.news.naver.com/read.nhn?mode=LSD&sid1=001&oid=277&aid=0004641674
20200312,역대급 위기 온다…5대 금융지주 수장 올해 사업 전면 재검토,..\rawdata\기업별 관련기사\금융그룹\NH농협금융지주\20200312 역대급 위기 온다…5대 금융지주 수장 올해 사업 전면 재검토.md,https://m.news.naver.com/read.nhn?mode=LSD&sid1=001&oid=277&aid=0004641674
20200313,"적극적 주주활동 나선 국민연금, 우리금융 조준","..\rawdata\기업별 관련기사\금융그룹\우리금융그룹\20200313 적극적 주주활동 나선 국민연금, 우리금융 조준.md",https://www.hankyung.com/finance/article/2020031272391
20200315,'강남도 없앴다' 불붙은 은행 영업점 통폐합,..\rawdata\기업별 관련기사\은행\신한은행\20200315 '강남도 없앴다' 불붙은 은행 영업점 통폐합.md,https://cm.asiae.co.kr/article/2020031423083887393
20200315,'강남도 없앴다' 불붙은 은행 영업점 통폐합,..\rawdata\기업별 관련기사\은행\KB국민은행\20200315 '강남도 없앴다' 불붙은 은행 영업점 통폐합.md,https://cm.asiae.co.kr/article/2020031423083887393
20200315,'강남도 없앴다' 불붙은 은행 영업점 통폐합,..\rawdata\기업별 관련기사\은행\하나은행\20200315 '강남도 없앴다' 불붙은 은행 영업점 통폐합.md,https://cm.asiae.co.kr/article/2020031423083887393
20200315,'강남도 없앴다' 불붙은 은행 영업점 통폐합,..\rawdata\기업별 관련기사\은행\우리은행\20200315 '강남도 없앴다' 불붙은 은행 영업점 통폐합.md,https://cm.asiae.co.kr/article/2020031423083887393
20200316,은행원들이 단체로 대출상환 독촉 문자를 받은 이유는,..\rawdata\기업별 관련기사\은행\_은행공통\20200316 은행원들이 단체로 대출상환 독촉 문자를 받은 이유는.md,https://m.biz.chosun.com/svc/article.html?contid=2020031602886&utm_source=naver&utm_medium=original&utm_campaign=biz
20200316,실탄 채워라…금융지주 자본 2.5조 늘려,..\rawdata\기업별 관련기사\금융그룹\KB금융지주\20200316 실탄 채워라…금융지주 자본 2.5조 늘려.md,https://www.mk.co.kr/news/economy/view/2020/03/268799/
20200316,실탄 채워라…금융지주 자본 2.5조 늘려,..\rawdata\기업별 관련기사\금융그룹\신한금융그룹\20200316 실탄 채워라…금융지주 자본 2.5조 늘려.md,https://www.mk.co.kr/news/economy/view/2020/03/268799/
20200316,"증시전문가 한은 금리 인하, 즉각 효과는 크지 않을 듯","..\rawdata\기업별 관련기사\증권사\_공통\20200316 증시전문가 한은 금리 인하, 즉각 효과는 크지 않을 듯.md",https://news.naver.com/main/read.nhn?mode=LS2D&mid=shm&sid1=101&sid2=258&oid=001&aid=0011476749
20200316,"‘기준금리 0%대’ 한국 경제, 가보지 않은 길에 들어서다","..\rawdata\기업별 관련기사\_공통\20200316 ‘기준금리 0%대’ 한국 경제, 가보지 않은 길에 들어서다.md",https://news.naver.com/main/read.nhn?mode=LSD&mid=shm&sid1=101&oid=025&aid=0002984517
20200316,실탄 채워라…금융지주 자본 2.5조 늘려,..\rawdata\기업별 관련기사\은행\하나은행\20200316 실탄 채워라…금융지주 자본 2.5조 늘려.md,https://www.mk.co.kr/news/economy/view/2020/03/268799/
20200316,실탄 채워라…금융지주 자본 2.5조 늘려,..\rawdata\기업별 관련기사\금융그룹\하나금융그룹\20200316 실탄 채워라…금융지주 자본 2.5조 늘려.md,https://www.mk.co.kr/news/economy/view/2020/03/268799/
20200316,실탄 채워라…금융지주 자본 2.5조 늘려,..\rawdata\기업별 관련기사\금융그룹\우리금융그룹\20200316 실탄 채워라…금융지주 자본 2.5조 늘려.md,https://www.mk.co.kr/news/economy/view/2020/03/268799/
20200316,정치권 '은산분리 몽니'에 1호 인터넷은행 케이뱅크 '생사기로',..\rawdata\기업별 관련기사\은행\케이뱅크\20200316 정치권 '은산분리 몽니'에 1호 인터넷은행 케이뱅크 '생사기로'.md,https://www.fnnews.com/news/202003161446387053
20200317,지난해 보험사 순이익 5.3조...10년 최저,..\rawdata\기업별 관련기사\보험사\_공통\20200317 지난해 보험사 순이익 5.3조...10년 최저.md,https://news.naver.com/main/read.nhn?mode=LS2D&mid=shm&sid1=101&sid2=259&oid=003&aid=0009762328
20200317,"빅데이터로 본 코로나… 대전시, 확진자 발생 후 카드사용 55% '뚝'","..\rawdata\기업별 관련기사\은행\_은행공통\20200317 빅데이터로 본 코로나… 대전시, 확진자 발생 후 카드사용 55% '뚝'.md",https://news.naver.com/main/read.nhn?mode=LS2D&mid=shm&sid1=101&sid2=259&oid=366&aid=0000486995
20200317,'사상최저 금리'에 은행·보험사·저축銀 직격탄…금융사 M&A '헐값 매물' 나오나,..\rawdata\기업별 관련기사\금융그룹\하나금융그룹\20200317 '사상최저 금리'에 은행·보험사·저축銀 직격탄…금융사 M&A '헐값 매물' 나오나.md,https://www.hankyung.com/economy/article/2020031787411
20200317,"빅데이터로 본 코로나… 대전시, 확진자 발생 후 카드사용 55% '뚝'","..\rawdata\기업별 관련기사\카드사\_카드사 공통\20200317 빅데이터로 본 코로나… 대전시, 확진자 발생 후 카드사용 55% '뚝'.md",https://news.naver.com/main/read.nhn?mode=LS2D&mid=shm&sid1=101&sid2=259&oid=366&aid=0000486995
20200317,'사상최저 금리'에 은행·보험사·저축銀 직격탄…금융사 M&A '헐값 매물' 나오나,..\rawdata\기업별 관련기사\금융그룹\우리금융그룹\20200317 '사상최저 금리'에 은행·보험사·저축銀 직격탄…금융사 M&A '헐값 매물' 나오나.md,https://www.hankyung.com/economy/article/2020031787411
20200317,"우리은행, 빅데이터 활용해 금융의 초(超)개인화 나선다","..\rawdata\기업별 관련기사\은행\우리은행\20200317 우리은행, 빅데이터 활용해 금융의 초(超)개인화 나선다.md",https://news.naver.com/main/read.nhn?mode=LS2D&mid=shm&sid1=101&sid2=259&oid=009&aid=0004537867
20200317,'사상최저 금리'에 은행·보험사·저축銀 직격탄…금융사 M&A '헐값 매물' 나오나,..\rawdata\기업별 관련기사\금융그룹\신한금융그룹\20200317 '사상최저 금리'에 은행·보험사·저축銀 직격탄…금융사 M&A '헐값 매물' 나오나.md,https://www.hankyung.com/economy/article/2020031787411
20200317,'사상최저 금리'에 은행·보험사·저축銀 직격탄…금융사 M&A '헐값 매물' 나오나,..\rawdata\기업별 관련기사\금융그룹\KB금융지주\20200317 '사상최저 금리'에 은행·보험사·저축銀 직격탄…금융사 M&A '헐값 매물' 나오나.md,https://www.hankyung.com/economy/article/2020031787411
20200318,  코로나發 복합위기 대응...우리금융 비상경영위 신설,..\rawdata\기업별 관련기사\은행\IBK기업은행\20200318   코로나發 복합위기 대응...우리금융 비상경영위 신설.md,https://www.sedaily.com/NewsView/1Z08G75OR3
20200318,  코로나發 복합위기 대응...우리금융 비상경영위 신설,..\rawdata\기업별 관련기사\금융공기업\신용보증기금\20200318   코로나發 복합위기 대응...우리금융 비상경영위 신설.md,https://www.sedaily.com/NewsView/1Z08G75OR3
20200318,"삼성카드, 빅데이터 컨설팅 사업화 나선다","..\rawdata\기업별 관련기사\카드사\삼성카드\20200318 삼성카드, 빅데이터 컨설팅 사업화 나선다.md",https://www.hankyung.com/economy/article/2020031786251
20200318,  코로나發 복합위기 대응...우리금융 비상경영위 신설,..\rawdata\기업별 관련기사\금융그룹\우리금융그룹\20200318   코로나發 복합위기 대응...우리금융 비상경영위 신설.md,https://www.sedaily.com/NewsView/1Z08G75OR3
20200318,차기 농협은행장에 손병환 내정,..\rawdata\기업별 관련기사\은행\NH농협은행\20200318 차기 농협은행장에 손병환 내정.md,https://www.hankyung.com/economy/article/202003178007i
20200318,  코로나發 복합위기 대응...우리금융 비상경영위 신설,..\rawdata\기업별 관련기사\은행\하나은행\20200318   코로나發 복합위기 대응...우리금융 비상경영위 신설.md,https://www.sedaily.com/NewsView/1Z08G75OR3
20200318,외화유출 조짐에 비상계획… 韓美 통화스와프 협정가야 주문도,..\rawdata\기업별 관련기사\은행\_은행공통\20200318 외화유출 조짐에 비상계획… 韓美 통화스와프 협정가야 주문도.md,https://news.naver.com/main/read.nhn?mode=LS2D&mid=shm&sid1=101&sid2=259&oid=029&aid=0002589429
20200318,환율 급등세에 '달러 팔자'···외화예금 감소폭 1년來 최대,..\rawdata\기업별 관련기사\은행\_은행공통\20200318 환율 급등세에 '달러 팔자'···외화예금 감소폭 1년來 최대.md,https://news.naver.com/main/read.nhn?mode=LS2D&mid=shm&sid1=101&sid2=259&oid=011&aid=0003711691
20200318,MMF·채권형에 자금 몰려…2월 펀드 순자산 10.8조원↑,..\rawdata\기업별 관련기사\증권사\_공통\20200318 MMF·채권형에 자금 몰려…2월 펀드 순자산 10.8조원↑.md,https://news.naver.com/main/read.nhn?mode=LS2D&mid=shm&sid1=101&sid2=259&oid=001&aid=0011482582
20200318,신용도 낮아도 장사 잘되면 대출받는다,..\rawdata\기업별 관련기사\금융공기업\신용보증기금\20200318 신용도 낮아도 장사 잘되면 대출받는다.md,https://news.naver.com/main/read.nhn?mode=LS2D&mid=shm&sid1=101&sid2=259&oid=008&aid=0004378543
20200319,저금리 정책에도 ‘돈맥경화’ 여전했다,..\rawdata\기업별 관련기사\_공통\20200319 저금리 정책에도 ‘돈맥경화’ 여전했다.md,https://news.naver.com/main/read.nhn?mode=LS2D&mid=shm&sid1=101&sid2=259&oid=016&aid=0001650732
20200319,"금감원, 주식·채권시장 위기등급 '심각·경계'로 격상","..\rawdata\기업별 관련기사\금융공기업\금융감독원\20200319 금감원, 주식·채권시장 위기등급 '심각·경계'로 격상.md",https://news.naver.com/main/read.nhn?mode=LS2D&mid=shm&sid1=101&sid2=259&oid=001&aid=0011485584
20200319,"금융 주가 안봅니다, 정신건강에 안좋아서","..\rawdata\기업별 관련기사\금융그룹\KB금융지주\20200319 금융 주가 안봅니다, 정신건강에 안좋아서.md",https://biz.chosun.com/site/data/html_dir/2020/03/19/2020031900378.html
20200319,"금융 주가 안봅니다, 정신건강에 안좋아서","..\rawdata\기업별 관련기사\금융그룹\하나금융그룹\20200319 금융 주가 안봅니다, 정신건강에 안좋아서.md",https://biz.chosun.com/site/data/html_dir/2020/03/19/2020031900378.html
20200319,"금감원, 주식·채권시장 위기등급 '심각·경계'로 격상","..\rawdata\기업별 관련기사\증권사\_공통\20200319 금감원, 주식·채권시장 위기등급 '심각·경계'로 격상.md",https://news.naver.com/main/read.nhn?mode=LS2D&mid=shm&sid1=101&sid2=259&oid=001&aid=0011485584
20200319,"금융 주가 안봅니다, 정신건강에 안좋아서","..\rawdata\기업별 관련기사\금융그룹\우리금융그룹\20200319 금융 주가 안봅니다, 정신건강에 안좋아서.md",https://biz.chosun.com/site/data/html_dir/2020/03/19/2020031900378.html
20200319,"금융 주가 안봅니다, 정신건강에 안좋아서","..\rawdata\기업별 관련기사\금융그룹\신한금융그룹\20200319 금융 주가 안봅니다, 정신건강에 안좋아서.md",https://biz.chosun.com/site/data/html_dir/2020/03/19/2020031900378.html
20200319,"'제로금리 시대' 은행권, 이자수익 확보에 '비상'","..\rawdata\기업별 관련기사\은행\_은행공통\20200319 '제로금리 시대' 은행권, 이자수익 확보에 '비상'.md",https://news.naver.com/main/read.nhn?mode=LS2D&mid=shm&sid1=101&sid2=259&oid=030&aid=0002873543
20200319,"은행 '고위험 신탁', 총량제한 조건으로 일부 판매 허용","..\rawdata\기업별 관련기사\은행\_은행공통\20200319 은행 '고위험 신탁', 총량제한 조건으로 일부 판매 허용.md",http://www.kukinews.com/news/article.html?no=727577
20200320,우리·신한회장 연임 반대…국민연금 의결권행사 결론,..\rawdata\기업별 관련기사\금융그룹\하나금융그룹\20200320 우리·신한회장 연임 반대…국민연금 의결권행사 결론.md,https://www.mk.co.kr/news/stock/view/2020/03/287904/
20200320,우리·신한회장 연임 반대…국민연금 의결권행사 결론,..\rawdata\기업별 관련기사\금융그룹\우리금융그룹\20200320 우리·신한회장 연임 반대…국민연금 의결권행사 결론.md,https://www.mk.co.kr/news/stock/view/2020/03/287904/
20200320,우리·신한회장 연임 반대…국민연금 의결권행사 결론,..\rawdata\기업별 관련기사\금융그룹\신한금융그룹\20200320 우리·신한회장 연임 반대…국민연금 의결권행사 결론.md,https://www.mk.co.kr/news/stock/view/2020/03/287904/
20200320,"JP모건, 韓 올해 경제성장률 0%대 전망…1.9%→0.8%","..\rawdata\기업별 관련기사\_공통\20200320 JP모건, 韓 올해 경제성장률 0%대 전망…1.9%→0.8%.md",https://news.naver.com/main/read.nhn?mode=LS2D&mid=shm&sid1=101&sid2=259&oid=421&aid=0004534918
20200320,농협은행장에 손병환 부사장 선정,..\rawdata\기업별 관련기사\은행\NH농협은행\20200320 농협은행장에 손병환 부사장 선정.md,https://news.naver.com/main/read.nhn?mode=LS2D&mid=shm&sid1=101&sid2=259&oid=014&aid=0004393828
20200320,외국인 하루에 1조 순매도...'5조 증안펀드로 얼마나 버티겠나',..\rawdata\기업별 관련기사\증권사\_공통\20200320 외국인 하루에 1조 순매도...'5조 증안펀드로 얼마나 버티겠나'.md,https://news.naver.com/main/read.nhn?mode=LS2D&mid=shm&sid1=101&sid2=258&oid=011&aid=0003712967
20200323,기준금리 내려도…주담대 금리 되레 올랐다,..\rawdata\기업별 관련기사\은행\_은행공통\20200323 기준금리 내려도…주담대 금리 되레 올랐다.md,https://www.mk.co.kr/news/economy/view/2020/03/295563/
20200324,"조용병 신한금융 회장 5대 디지털 기술, CEO가 키워라","..\rawdata\기업별 관련기사\카드사\신한카드\20200324 조용병 신한금융 회장 5대 디지털 기술, CEO가 키워라.md",https://www.hankyung.com/economy/article/2020032340821
20200324,"조용병 신한금융 회장 5대 디지털 기술, CEO가 키워라","..\rawdata\기업별 관련기사\보험사\생보사\신한생명\20200324 조용병 신한금융 회장 5대 디지털 기술, CEO가 키워라.md",https://www.hankyung.com/economy/article/2020032340821
20200324,"조용병 신한금융 회장 5대 디지털 기술, CEO가 키워라","..\rawdata\기업별 관련기사\금융그룹\신한금융그룹\20200324 조용병 신한금융 회장 5대 디지털 기술, CEO가 키워라.md",https://www.hankyung.com/economy/article/2020032340821
20200324,  은행 수익 효자 ‘핵심예금’ 제로 금리시대 몸값 뛴다,..\rawdata\기업별 관련기사\은행\_은행공통\20200324   은행 수익 효자 ‘핵심예금’ 제로 금리시대 몸값 뛴다.md,https://www.seoul.co.kr/news/newsView.php?id=20200324020017&wlog_tag3=naver
20200324,"  자사주 매입, 급여 반납…기업들 눈물의 자구책","..\rawdata\기업별 관련기사\_공통\20200324   자사주 매입, 급여 반납…기업들 눈물의 자구책.md",https://news.joins.com/article/23737906
20200324,CP금리 급등세 지속…단기금융시장은 여전히 '살얼음판',..\rawdata\기업별 관련기사\_공통\20200324 CP금리 급등세 지속…단기금융시장은 여전히 '살얼음판'.md,https://www.hankyung.com/finance/article/2020032476731
20200324,달러 사재기… 달러예금 하루 1조8000억원 폭증,..\rawdata\기업별 관련기사\_공통\20200324 달러 사재기… 달러예금 하루 1조8000억원 폭증.md,http://www.donga.com/news/article/all/20200322/100296127/1
20200324,유례없는 100조 금융패키지…재원은 어떻게,..\rawdata\기업별 관련기사\_공통\20200324 유례없는 100조 금융패키지…재원은 어떻게.md,https://news.naver.com/main/read.nhn?mode=LS2D&mid=shm&sid1=101&sid2=259&oid=003&aid=0009774975
20200324,"조용병 신한금융 회장 5대 디지털 기술, CEO가 키워라","..\rawdata\기업별 관련기사\은행\신한은행\20200324 조용병 신한금융 회장 5대 디지털 기술, CEO가 키워라.md",https://www.hankyung.com/economy/article/2020032340821
20200324,밤 11시에도 예금한다…우리은행 '디지털 금융점포' 개점,..\rawdata\기업별 관련기사\은행\우리은행\20200324 밤 11시에도 예금한다…우리은행 '디지털 금융점포' 개점.md,http://m.inews24.com/v/1252368
20200325,"  카카오뱅크, 소액 자동 저축 상품에 은행권 최초 AI 알고리즘 반영","..\rawdata\기업별 관련기사\은행\카카오뱅크\20200325   카카오뱅크, 소액 자동 저축 상품에 은행권 최초 AI 알고리즘 반영.md",http://it.chosun.com/site/data/html_dir/2020/03/25/2020032502905.html
20200325,지난해 국내은행 해외점포 순이익 10억달러…베트남 19개로 최다,..\rawdata\기업별 관련기사\은행\_은행공통\20200325 지난해 국내은행 해외점포 순이익 10억달러…베트남 19개로 최다.md,https://www.etnews.com/20200325000215
20200325,개미 매수에 주가 이틀째 급등…거래대금 역대 최대,..\rawdata\기업별 관련기사\증권사\_공통\20200325 개미 매수에 주가 이틀째 급등…거래대금 역대 최대.md,https://news.naver.com/main/read.nhn?mode=LS2D&mid=shm&sid1=101&sid2=259&oid=001&aid=0011499170
20200325,"KB금융, 푸르덴셜생명 인수 하나","..\rawdata\기업별 관련기사\은행\KB국민은행\20200325 KB금융, 푸르덴셜생명 인수 하나.md",https://news.naver.com/main/read.nhn?mode=LS2D&mid=shm&sid1=101&sid2=259&oid=003&aid=0009777518
20200325,신한은행의 실험…카톡으로 창구 서비스 조사,..\rawdata\기업별 관련기사\은행\신한은행\20200325 신한은행의 실험…카톡으로 창구 서비스 조사.md,https://www.hankyung.com/economy/article/2020032475581
20200325,"KB금융, 푸르덴셜생명 인수 하나","..\rawdata\기업별 관련기사\금융그룹\KB금융지주\20200325 KB금융, 푸르덴셜생명 인수 하나.md",https://news.naver.com/main/read.nhn?mode=LS2D&mid=shm&sid1=101&sid2=259&oid=003&aid=0009777518
20200325,권광석 신임 우리은행장 은행 조직 전면 재정비,..\rawdata\기업별 관련기사\은행\우리은행\20200325 권광석 신임 우리은행장 은행 조직 전면 재정비.md,https://www.hankyung.com/economy/article/202003246278i
20200326,"KB국민은행, 빅데이터로 기업 대출 자동심사한다","..\rawdata\기업별 관련기사\은행\KB국민은행\20200326 KB국민은행, 빅데이터로 기업 대출 자동심사한다.md",https://news.naver.com/main/read.nhn?mode=LS2D&mid=shm&sid1=101&sid2=259&oid=031&aid=0000531502
20200326,"우리은행, '가업승계 TAX컨설팅센터' 오픈","..\rawdata\기업별 관련기사\은행\우리은행\20200326 우리은행, '가업승계 TAX컨설팅센터' 오픈.md",https://news.naver.com/main/read.nhn?mode=LS2D&mid=shm&sid1=101&sid2=259&oid=014&aid=0004397140
20200326,"NH농협은행, WM 사업 재도약 원년","..\rawdata\기업별 관련기사\은행\NH농협은행\20200326 NH농협은행, WM 사업 재도약 원년.md",http://www.thebell.co.kr/free/content/ArticleView.asp?key=202003241114482200105871&svccode=00&page=1&sort=thebell_check_time
20200326,"IBK기업은행, 컨설팅·판로개척…혁신기업 동반자","..\rawdata\기업별 관련기사\은행\IBK기업은행\20200326 IBK기업은행, 컨설팅·판로개척…혁신기업 동반자.md",https://www.mk.co.kr/news/special-edition/view/2020/03/300716/
20200326,'코로나19' 확산 이후 한국은행의 주요 금융 정책 대응,..\rawdata\기업별 관련기사\은행\_은행공통\20200326 '코로나19' 확산 이후 한국은행의 주요 금융 정책 대응.md,https://news.naver.com/main/read.nhn?mode=LS2D&mid=shm&sid1=101&sid2=259&oid=001&aid=0011501585
20200327,신한금융 조용병 2기 출범…따뜻한 금융온기 전하겠다,..\rawdata\기업별 관련기사\금융그룹\신한금융그룹\20200327 신한금융 조용병 2기 출범…따뜻한 금융온기 전하겠다.md,https://www.mk.co.kr/news/economy/view/2020/03/316274/
20200330,금융권 '디지털 자산' 진입 시작될까... KB국민은행에 쏠린 눈,..\rawdata\기업별 관련기사\은행\KB국민은행\20200330 금융권 '디지털 자산' 진입 시작될까... KB국민은행에 쏠린 눈.md,http://www.techm.kr/news/articleView.html?idxno=70358
20200330,  비대면 계좌 33%씩 증가…증권사 디지털 올인,..\rawdata\기업별 관련기사\증권사\신한금융투자\20200330   비대면 계좌 33%씩 증가…증권사 디지털 올인.md,https://www.sedaily.com/NewsView/1Z0DYBOWQP
20200330,증시로 몰려드는 개미… '활동' 주식계좌 117만개 급증,..\rawdata\기업별 관련기사\증권사\한국투자증권\20200330 증시로 몰려드는 개미… '활동' 주식계좌 117만개 급증.md,https://newsis.com/view/?id=NISX20200326_0000971671&cID=10401&pID=10400
20200330,제로금리에…은행 정기예금 이탈 시작됐다,..\rawdata\기업별 관련기사\은행\_은행공통\20200330 제로금리에…은행 정기예금 이탈 시작됐다.md,http://www.ebn.co.kr/news/view/1028713/?sc=naver
20200330,증시로 몰려드는 개미… '활동' 주식계좌 117만개 급증,..\rawdata\기업별 관련기사\증권사\미래에셋대우\20200330 증시로 몰려드는 개미… '활동' 주식계좌 117만개 급증.md,https://newsis.com/view/?id=NISX20200326_0000971671&cID=10401&pID=10400
20200330,파킹통장 인기몰이…주차하듯 잠시 맡겨도 2% 이자,..\rawdata\기업별 관련기사\은행\_은행공통\20200330 파킹통장 인기몰이…주차하듯 잠시 맡겨도 2% 이자.md,https://view.asiae.co.kr/article/2020033014080724968
20200330,  비대면 계좌 33%씩 증가…증권사 디지털 올인,..\rawdata\기업별 관련기사\증권사\한국투자증권\20200330   비대면 계좌 33%씩 증가…증권사 디지털 올인.md,https://www.sedaily.com/NewsView/1Z0DYBOWQP
20200330,  비대면 계좌 33%씩 증가…증권사 디지털 올인,..\rawdata\기업별 관련기사\증권사\NH투자증권\20200330   비대면 계좌 33%씩 증가…증권사 디지털 올인.md,https://www.sedaily.com/NewsView/1Z0DYBOWQP
20200330,금융권 '디지털 자산' 진입 시작될까... KB국민은행에 쏠린 눈,..\rawdata\기업별 관련기사\은행\신한은행\20200330 금융권 '디지털 자산' 진입 시작될까... KB국민은행에 쏠린 눈.md,http://www.techm.kr/news/articleView.html?idxno=70358
20200330,  제로금리 역풍에...올 보험사 역마진 사상최대 6조 전망,..\rawdata\기업별 관련기사\보험사\_공통\20200330   제로금리 역풍에...올 보험사 역마진 사상최대 6조 전망.md,https://www.sedaily.com/NewsView/1Z0DYYE8GY
20200330,증시로 몰려드는 개미… '활동' 주식계좌 117만개 급증,..\rawdata\기업별 관련기사\증권사\NH투자증권\20200330 증시로 몰려드는 개미… '활동' 주식계좌 117만개 급증.md,https://newsis.com/view/?id=NISX20200326_0000971671&cID=10401&pID=10400
20200330,  비대면 계좌 33%씩 증가…증권사 디지털 올인,..\rawdata\기업별 관련기사\증권사\미래에셋대우\20200330   비대면 계좌 33%씩 증가…증권사 디지털 올인.md,https://www.sedaily.com/NewsView/1Z0DYBOWQP
20200330,  비대면 계좌 33%씩 증가…증권사 디지털 올인,..\rawdata\기업별 관련기사\증권사\SK증권\20200330   비대면 계좌 33%씩 증가…증권사 디지털 올인.md,https://www.sedaily.com/NewsView/1Z0DYBOWQP
20200330,  비대면 계좌 33%씩 증가…증권사 디지털 올인,..\rawdata\기업별 관련기사\증권사\KB증권\20200330   비대면 계좌 33%씩 증가…증권사 디지털 올인.md,https://www.sedaily.com/NewsView/1Z0DYBOWQP
20200330,증시로 몰려드는 개미… '활동' 주식계좌 117만개 급증,..\rawdata\기업별 관련기사\증권사\키움증권\20200330 증시로 몰려드는 개미… '활동' 주식계좌 117만개 급증.md,https://newsis.com/view/?id=NISX20200326_0000971671&cID=10401&pID=10400
20200330,증시로 몰려드는 개미… '활동' 주식계좌 117만개 급증,..\rawdata\기업별 관련기사\증권사\카카오페이증권\20200330 증시로 몰려드는 개미… '활동' 주식계좌 117만개 급증.md,https://newsis.com/view/?id=NISX20200326_0000971671&cID=10401&pID=10400
20200330,농협은행 '손병환號' 출범...최우선 과제는 디지털뱅킹 강화,..\rawdata\기업별 관련기사\은행\NH농협은행\20200330 농협은행 '손병환號' 출범...최우선 과제는 디지털뱅킹 강화.md,https://m.news.naver.com/read.nhn?mode=LSD&mid=sec&sid1=101&oid=030&aid=0002874283
20200330,신한은행의 진화하는 디지털 노마드 '디지털 플렉서',..\rawdata\기업별 관련기사\은행\신한은행\20200330 신한은행의 진화하는 디지털 노마드 '디지털 플렉서'.md,https://www.edaily.co.kr/news/read?newsId=01174246625708240&mediaCodeNo=257&OutLnkChk=Y
20200331,"6대銀, 지난해 지점 66곳 문닫았다","..\rawdata\기업별 관련기사\은행\_은행공통\20200331 6대銀, 지난해 지점 66곳 문닫았다.md",https://news.naver.com/main/read.nhn?mode=LS2D&mid=shm&sid1=101&sid2=259&oid=014&aid=0004400041
20200401,대기업마저 돈가뭄…은행 대출 폭증,..\rawdata\기업별 관련기사\은행\_은행공통\20200401 대기업마저 돈가뭄…은행 대출 폭증.md,https://www.hankyung.com/economy/article/2020033157371
20200401,모바일뱅킹 1.2억명 돌파… 1년새 15.5% 급증,..\rawdata\기업별 관련기사\은행\_은행공통\20200401 모바일뱅킹 1.2억명 돌파… 1년새 15.5% 급증.md,https://news.naver.com/main/read.nhn?mode=LS2D&mid=shm&sid1=101&sid2=259&oid=029&aid=0002591747
20200401,작년 코스피 상장사 순이익 ‘반토막’,..\rawdata\기업별 관련기사\증권사\_공통\20200401 작년 코스피 상장사 순이익 ‘반토막’.md,https://news.naver.com/main/read.nhn?mode=LS2D&mid=shm&sid1=101&sid2=259&oid=028&aid=0002491832
20200401,권광석 우리은행장 첫 인사는 행장 직속 '미래금융부' 신설,..\rawdata\기업별 관련기사\은행\우리은행\20200401 권광석 우리은행장 첫 인사는 행장 직속 '미래금융부' 신설.md,https://www.hankyung.com/economy/article/202003314698i
20200401,"농협, 로봇업무 자동화 'NH RPA포털' 오픈","..\rawdata\기업별 관련기사\은행\NH농협은행\20200401 농협, 로봇업무 자동화 'NH RPA포털' 오픈.md",https://news.naver.com/main/read.nhn?mode=LS2D&mid=shm&sid1=101&sid2=259&oid=009&aid=0004548712
20200401, 재난기본소득 잡아라…카드사 고객 유치전,..\rawdata\기업별 관련기사\카드사\_카드사 공통\202004016 재난기본소득 잡아라…카드사 고객 유치전.md,https://news.naver.com/main/read.nhn?mode=LS2D&mid=shm&sid1=101&sid2=259&oid=009&aid=0004558327
20200402,"농협銀, 데이터3법 시행에 농업데이터거래소 만든다","..\rawdata\기업별 관련기사\은행\NH농협은행\20200402 농협銀, 데이터3법 시행에 농업데이터거래소 만든다.md",https://www.mk.co.kr/news/economy/view/2020/04/340727/
20200403,"하나銀-배민, 주문 수로 은행 대출 가능해진다","..\rawdata\기업별 관련기사\은행\하나은행\20200403 하나銀-배민, 주문 수로 은행 대출 가능해진다.md",https://n.news.naver.com/article/081/0003079568
20200403,"우리은행, 미래지향적 빅데이터 시스템 구축","..\rawdata\기업별 관련기사\은행\우리은행\20200403 우리은행, 미래지향적 빅데이터 시스템 구축.md",http://it.chosun.com/m/svc/article.html?contid=2020040302852&Dep0=m.search.naver.com&utm_source=m.search.naver.com&utm_medium=unknown&utm_campaign=itchosun
20200403,"은행, 위기일수록 디지털채널로 고객과 소통해야","..\rawdata\기업별 관련기사\은행\_은행공통\20200403 은행, 위기일수록 디지털채널로 고객과 소통해야.md",https://n.news.naver.com/article/011/0003719399
20200406,"은행·증권사, IRP 불이익 설명 안해…불완전판매 위험","..\rawdata\기업별 관련기사\증권사\NH투자증권\20200406 은행·증권사, IRP 불이익 설명 안해…불완전판매 위험.md",https://www.yna.co.kr/view/AKR20200406041300008?input=1195m
20200406,"은행·증권사, IRP 불이익 설명 안해…불완전판매 위험","..\rawdata\기업별 관련기사\은행\우리은행\20200406 은행·증권사, IRP 불이익 설명 안해…불완전판매 위험.md",https://www.yna.co.kr/view/AKR20200406041300008?input=1195m
20200406,"은행·증권사, IRP 불이익 설명 안해…불완전판매 위험","..\rawdata\기업별 관련기사\증권사\미래에셋대우\20200406 은행·증권사, IRP 불이익 설명 안해…불완전판매 위험.md",https://www.yna.co.kr/view/AKR20200406041300008?input=1195m
20200406,"소상공인 대출승인 '속도 Up'…신한銀, 블록체인 기술 도입","..\rawdata\기업별 관련기사\은행\신한은행\20200406 소상공인 대출승인 '속도 Up'…신한銀, 블록체인 기술 도입.md",https://www.mk.co.kr/news/economy/view/2020/04/354639/
20200406,"신한은행, ‘금융소비자보호 오피서’ 신설","..\rawdata\기업별 관련기사\은행\신한은행\20200406 신한은행, ‘금융소비자보호 오피서’ 신설.md",http://www.ftoday.co.kr/news/articleView.html?idxno=200477
20200406,"은행·증권사, IRP 불이익 설명 안해…불완전판매 위험","..\rawdata\기업별 관련기사\증권사\하이투자증권\20200406 은행·증권사, IRP 불이익 설명 안해…불완전판매 위험.md",https://www.yna.co.kr/view/AKR20200406041300008?input=1195m
20200406,"은행·증권사, IRP 불이익 설명 안해…불완전판매 위험","..\rawdata\기업별 관련기사\은행\KB국민은행\20200406 은행·증권사, IRP 불이익 설명 안해…불완전판매 위험.md",https://www.yna.co.kr/view/AKR20200406041300008?input=1195m
20200406,"은행·증권사, IRP 불이익 설명 안해…불완전판매 위험","..\rawdata\기업별 관련기사\증권사\한국투자증권\20200406 은행·증권사, IRP 불이익 설명 안해…불완전판매 위험.md",https://www.yna.co.kr/view/AKR20200406041300008?input=1195m
20200407,금융지주 계열 보험사 2곳 탄생 임박...'빅3' 아성에 도전,..\rawdata\기업별 관련기사\보험사\_공통\20200407 금융지주 계열 보험사 2곳 탄생 임박...'빅3' 아성에 도전.md,https://www.etnews.com/20200407000274
20200407,디지털로 승부 띄운 보험사들에 ‘주목’,..\rawdata\기업별 관련기사\보험사\_공통\20200407 디지털로 승부 띄운 보험사들에 ‘주목’.md,https://cnews.fntimes.com/html/view.php?ud=202004071020042323dd55077bc2_18
20200407,"또 내리면 어쩌나…보험사, 금통위 금리인하 여부 '촉각'","..\rawdata\기업별 관련기사\보험사\_공통\20200407 또 내리면 어쩌나…보험사, 금통위 금리인하 여부 '촉각'.md",https://newsis.com/view/?id=NISX20200406_0000984170&cID=10401&pID=10400
20200407,"  삼성카드, 머신러닝으로 피싱사기 거른다","..\rawdata\기업별 관련기사\카드사\삼성카드\20200407   삼성카드, 머신러닝으로 피싱사기 거른다.md",https://www.sedaily.com/NewsView/1Z1DCSRAJM
20200408,뿌리내리는 스튜어드십 코드… “경영권 침해는 기우”,..\rawdata\기업별 관련기사\_공통\20200408 뿌리내리는 스튜어드십 코드… “경영권 침해는 기우”.md,http://news.kmib.co.kr/article/view.asp?arcid=0924131321&code=14190000&cp=nv
20200410,DLF·라임·헤리티지DLS…투자손실 키운 '금융지주 매트릭스',..\rawdata\기업별 관련기사\금융그룹\KB금융지주\20200410 DLF·라임·헤리티지DLS…투자손실 키운 '금융지주 매트릭스'.md,https://view.asiae.co.kr/article/2020032311080380901
20200410,"KB금융, 푸르덴셜 품고 ‘리딩금융’ 탈환 눈앞","..\rawdata\기업별 관련기사\금융그룹\KB금융지주\20200410 KB금융, 푸르덴셜 품고 ‘리딩금융’ 탈환 눈앞.md",https://news.naver.com/main/read.nhn?mode=LS2D&mid=shm&sid1=101&sid2=259&oid=014&aid=0004406559
20200410,DLF·라임·헤리티지DLS…투자손실 키운 '금융지주 매트릭스',..\rawdata\기업별 관련기사\금융그룹\우리금융그룹\20200410 DLF·라임·헤리티지DLS…투자손실 키운 '금융지주 매트릭스'.md,https://view.asiae.co.kr/article/2020032311080380901
20200410,DLF·라임·헤리티지DLS…투자손실 키운 '금융지주 매트릭스',..\rawdata\기업별 관련기사\금융그룹\하나금융그룹\20200410 DLF·라임·헤리티지DLS…투자손실 키운 '금융지주 매트릭스'.md,https://view.asiae.co.kr/article/2020032311080380901
20200410,'포스트 베트남' 미얀마로 가자…국민·기업·산업은행 잇따라 인가 획득,..\rawdata\기업별 관련기사\금융공기업\산업은행\20200410 '포스트 베트남' 미얀마로 가자…국민·기업·산업은행 잇따라 인가 획득.md,https://news.naver.com/main/read.nhn?mode=LS2D&mid=shm&sid1=101&sid2=259&oid=031&aid=0000533841
20200410,'포스트 베트남' 미얀마로 가자…국민·기업·산업은행 잇따라 인가 획득,..\rawdata\기업별 관련기사\은행\IBK기업은행\20200410 '포스트 베트남' 미얀마로 가자…국민·기업·산업은행 잇따라 인가 획득.md,https://news.naver.com/main/read.nhn?mode=LS2D&mid=shm&sid1=101&sid2=259&oid=031&aid=0000533841
20200410,'포스트 베트남' 미얀마로 가자…국민·기업·산업은행 잇따라 인가 획득,..\rawdata\기업별 관련기사\은행\KB국민은행\20200410 '포스트 베트남' 미얀마로 가자…국민·기업·산업은행 잇따라 인가 획득.md,https://news.naver.com/main/read.nhn?mode=LS2D&mid=shm&sid1=101&sid2=259&oid=031&aid=0000533841
20200410,'포스트 베트남' 미얀마로 가자…국민·기업·산업은행 잇따라 인가 획득,..\rawdata\기업별 관련기사\은행\신한은행\20200410 '포스트 베트남' 미얀마로 가자…국민·기업·산업은행 잇따라 인가 획득.md,https://news.naver.com/main/read.nhn?mode=LS2D&mid=shm&sid1=101&sid2=259&oid=031&aid=0000533841
20200410,DLF·라임·헤리티지DLS…투자손실 키운 '금융지주 매트릭스',..\rawdata\기업별 관련기사\금융그룹\신한금융그룹\20200410 DLF·라임·헤리티지DLS…투자손실 키운 '금융지주 매트릭스'.md,https://view.asiae.co.kr/article/2020032311080380901
20200413,"  4대 금융지주, 보험서 승부 겨룬다","..\rawdata\기업별 관련기사\금융그룹\하나금융그룹\20200413   4대 금융지주, 보험서 승부 겨룬다.md",https://www.sedaily.com/NewsVIew/1Z1G3PU807
20200413,"  4대 금융지주, 보험서 승부 겨룬다","..\rawdata\기업별 관련기사\금융그룹\KB금융지주\20200413   4대 금융지주, 보험서 승부 겨룬다.md",https://www.sedaily.com/NewsVIew/1Z1G3PU807
20200413,"  4대 금융지주, 보험서 승부 겨룬다","..\rawdata\기업별 관련기사\보험사\_공통\20200413   4대 금융지주, 보험서 승부 겨룬다.md",https://www.sedaily.com/NewsVIew/1Z1G3PU807
20200413,'역대 최악 위기' 보험업계…보험사 매물은 나오면 팔려,..\rawdata\기업별 관련기사\보험사\_공통\20200413 '역대 최악 위기' 보험업계…보험사 매물은 나오면 팔려.md,https://news.naver.com/main/read.nhn?mode=LS2D&mid=shm&sid1=101&sid2=259&oid=277&aid=0004660813
20200413,"신한銀, 2020년 수시채용 실시..디지털·기업금융 인재 확보","..\rawdata\기업별 관련기사\은행\신한은행\20200413 신한銀, 2020년 수시채용 실시..디지털·기업금융 인재 확보.md",https://news.naver.com/main/read.nhn?mode=LS2D&mid=shm&sid1=101&sid2=259&oid=018&aid=0004619225
20200413,"  기업은행, 27일부터 신입행원 250명 채용 접수","..\rawdata\기업별 관련기사\은행\IBK기업은행\20200413   기업은행, 27일부터 신입행원 250명 채용 접수.md",http://www.hani.co.kr/arti/economy/finance/936801.html
20200413,"  4대 금융지주, 보험서 승부 겨룬다","..\rawdata\기업별 관련기사\금융그룹\우리금융그룹\20200413   4대 금융지주, 보험서 승부 겨룬다.md",https://www.sedaily.com/NewsVIew/1Z1G3PU807
20200413,"  4대 금융지주, 보험서 승부 겨룬다","..\rawdata\기업별 관련기사\금융그룹\신한금융그룹\20200413   4대 금융지주, 보험서 승부 겨룬다.md",https://www.sedaily.com/NewsVIew/1Z1G3PU807
20200413,금융상품 검색하니…맞춤상품 문자가 딩동,..\rawdata\기업별 관련기사\은행\신한은행\20200413 금융상품 검색하니…맞춤상품 문자가 딩동.md,https://news.naver.com/main/read.nhn?mode=LS2D&mid=shm&sid1=101&sid2=259&oid=009&aid=0004556382
20200416,"굿리치·토스의 정규직 보험설계사 실험, 성공할까","..\rawdata\기업별 관련기사\핀테크\굿리치\20200416 굿리치·토스의 정규직 보험설계사 실험, 성공할까.md",https://news.naver.com/main/read.nhn?mode=LS2D&mid=shm&sid1=101&sid2=259&oid=417&aid=0000532177
20200416,"네이버 먹거리, 우리가 키운다 vs 카카오 같이 키우실 분","..\rawdata\기업별 관련기사\IT\네이버\20200416 네이버 먹거리, 우리가 키운다 vs 카카오 같이 키우실 분.md",https://www.hankyung.com/it/article/202004151310i
20200416,"굿리치·토스의 정규직 보험설계사 실험, 성공할까","..\rawdata\기업별 관련기사\핀테크\토스\20200416 굿리치·토스의 정규직 보험설계사 실험, 성공할까.md",https://news.naver.com/main/read.nhn?mode=LS2D&mid=shm&sid1=101&sid2=259&oid=417&aid=0000532177
20200416,앗! 뜨거…하나銀 '컵라면 대출' 인기,..\rawdata\기업별 관련기사\은행\하나은행\20200416 앗! 뜨거…하나銀 '컵라면 대출' 인기.md,https://www.hankyung.com/economy/article/2020041516141
20200416,"네이버 먹거리, 우리가 키운다 vs 카카오 같이 키우실 분","..\rawdata\기업별 관련기사\IT\카카오\20200416 네이버 먹거리, 우리가 키운다 vs 카카오 같이 키우실 분.md",https://www.hankyung.com/it/article/202004151310i
20200416,"굿리치·토스의 정규직 보험설계사 실험, 성공할까","..\rawdata\기업별 관련기사\보험사\_공통\20200416 굿리치·토스의 정규직 보험설계사 실험, 성공할까.md",https://news.naver.com/main/read.nhn?mode=LS2D&mid=shm&sid1=101&sid2=259&oid=417&aid=0000532177
20200416,중기대출 실적 1위 국민은행..비결은 '혁신금융',..\rawdata\기업별 관련기사\은행\KB국민은행\20200416 중기대출 실적 1위 국민은행..비결은 '혁신금융'.md,https://www.fnnews.com/news/202004151249531335
20200420,"IMF 韓 전세제도, 금융 시스템 위험 일으킬 수도","..\rawdata\기업별 관련기사\_공통\20200420 IMF 韓 전세제도, 금융 시스템 위험 일으킬 수도.md",https://news.naver.com/main/read.nhn?mode=LS2D&mid=shm&sid1=101&sid2=259&oid=366&aid=0000512312
20200420,캐피털사 급전 수혈에도...버티기 곧 한계,..\rawdata\기업별 관련기사\은행\_은행공통\20200420 캐피털사 급전 수혈에도...버티기 곧 한계.md,https://news.naver.com/main/read.nhn?mode=LS2D&mid=shm&sid1=101&sid2=259&oid=011&aid=0003727035
20200421,창업부터 독립까지 밀어준다…사내벤처 3곳 키우는 우리금융,..\rawdata\기업별 관련기사\IT\우리에프아이에스\20200421 창업부터 독립까지 밀어준다…사내벤처 3곳 키우는 우리금융.md,https://www.hankyung.com/economy/article/2020042027491
20200421,"홀대 받지만…금융권, 위기극복엔 ‘총대’","..\rawdata\기업별 관련기사\금융그룹\NH농협금융지주\20200421 홀대 받지만…금융권, 위기극복엔 ‘총대’.md",https://news.naver.com/main/read.nhn?mode=LSD&mid=sec&oid=016&aid=0001658898&sid1=001
20200421,창업부터 독립까지 밀어준다…사내벤처 3곳 키우는 우리금융,..\rawdata\기업별 관련기사\금융그룹\우리금융그룹\20200421 창업부터 독립까지 밀어준다…사내벤처 3곳 키우는 우리금융.md,https://www.hankyung.com/economy/article/2020042027491
20200421,"홀대 받지만…금융권, 위기극복엔 ‘총대’","..\rawdata\기업별 관련기사\금융그룹\우리금융그룹\20200421 홀대 받지만…금융권, 위기극복엔 ‘총대’.md",https://news.naver.com/main/read.nhn?mode=LSD&mid=sec&oid=016&aid=0001658898&sid1=001
20200421,"홀대 받지만…금융권, 위기극복엔 ‘총대’","..\rawdata\기업별 관련기사\금융그룹\하나금융그룹\20200421 홀대 받지만…금융권, 위기극복엔 ‘총대’.md",https://news.naver.com/main/read.nhn?mode=LSD&mid=sec&oid=016&aid=0001658898&sid1=001
20200421,"홀대 받지만…금융권, 위기극복엔 ‘총대’","..\rawdata\기업별 관련기사\은행\KB국민은행\20200421 홀대 받지만…금융권, 위기극복엔 ‘총대’.md",https://news.naver.com/main/read.nhn?mode=LSD&mid=sec&oid=016&aid=0001658898&sid1=001
20200421,"공익직불제 지급단가 확정, 논 직불금 최고 50% 올라","..\rawdata\기업별 관련기사\은행\NH농협은행\20200421 공익직불제 지급단가 확정, 논 직불금 최고 50% 올라.md",https://m.news.naver.com/read.nhn?mode=LSD&mid=sec&sid1=101&oid=018&aid=0004624668
20200421,"홀대 받지만…금융권, 위기극복엔 ‘총대’","..\rawdata\기업별 관련기사\은행\하나은행\20200421 홀대 받지만…금융권, 위기극복엔 ‘총대’.md",https://news.naver.com/main/read.nhn?mode=LSD&mid=sec&oid=016&aid=0001658898&sid1=001
20200421,각국이 눈독들이는 중앙은행 디지털화폐(CBDC),..\rawdata\기업별 관련기사\은행\_은행공통\20200421 각국이 눈독들이는 중앙은행 디지털화폐(CBDC).md,https://n.news.naver.com/article/030/0002878924
20200421,"홀대 받지만…금융권, 위기극복엔 ‘총대’","..\rawdata\기업별 관련기사\은행\NH농협은행\20200421 홀대 받지만…금융권, 위기극복엔 ‘총대’.md",https://news.naver.com/main/read.nhn?mode=LSD&mid=sec&oid=016&aid=0001658898&sid1=001
20200421,"홀대 받지만…금융권, 위기극복엔 ‘총대’","..\rawdata\기업별 관련기사\은행\신한은행\20200421 홀대 받지만…금융권, 위기극복엔 ‘총대’.md",https://news.naver.com/main/read.nhn?mode=LSD&mid=sec&oid=016&aid=0001658898&sid1=001
20200421,"홀대 받지만…금융권, 위기극복엔 ‘총대’","..\rawdata\기업별 관련기사\은행\우리은행\20200421 홀대 받지만…금융권, 위기극복엔 ‘총대’.md",https://news.naver.com/main/read.nhn?mode=LSD&mid=sec&oid=016&aid=0001658898&sid1=001
20200422,'눈물의 보험 해지' 세 달 동안 7조원 깼다,..\rawdata\기업별 관련기사\보험사\_공통\20200422 '눈물의 보험 해지' 세 달 동안 7조원 깼다.md,https://news.naver.com/main/read.nhn?mode=LS2D&mid=shm&sid1=101&sid2=259&oid=277&aid=0004666124
20200422,"기업은행, 美당국과 1000억 벌금 합의","..\rawdata\기업별 관련기사\은행\IBK기업은행\20200422 기업은행, 美당국과 1000억 벌금 합의.md",https://www.hankyung.com/economy/article/2020042160061
20200422,"기업銀, 상반기 실적목표 낮춘다…노조, 행장 고발 취하","..\rawdata\기업별 관련기사\은행\IBK기업은행\20200422 기업銀, 상반기 실적목표 낮춘다…노조, 행장 고발 취하.md",https://news.naver.com/main/read.nhn?mode=LS2D&mid=shm&sid1=101&sid2=259&oid=008&aid=0004398722
20200422,'취임 100일' 윤종원 행장 기업銀 소명은 기업·사람 보호,..\rawdata\기업별 관련기사\은행\IBK기업은행\20200422 '취임 100일' 윤종원 행장 기업銀 소명은 기업·사람 보호.md,http://www.pressm.kr/news/articleView.html?idxno=28937
20200422,‘적금보다 낫다던’ 무해지환급형 보험 바뀐다,..\rawdata\기업별 관련기사\보험사\_공통\20200422 ‘적금보다 낫다던’ 무해지환급형 보험 바뀐다.md,http://www.kbanker.co.kr/news/articleView.html?idxno=90736
20200423,"하나은행, 블록체인 기반 기업금융 본격화","..\rawdata\기업별 관련기사\은행\하나은행\20200423 하나은행, 블록체인 기반 기업금융 본격화.md",http://news.heraldcorp.com/view.php?ud=20200423000183
20200423,"IBK기업은행, 미얀마에 '법인' 출사표 던진 배경은","..\rawdata\기업별 관련기사\은행\IBK기업은행\20200423 IBK기업은행, 미얀마에 '법인' 출사표 던진 배경은.md",http://www.thebell.co.kr/free/content/ArticleView.asp?key=202004131139441440102732&svccode=00&page=1&sort=thebell_check_time
20200427,원유선물ETF 잡음 지속…이번엔 순자산가치 표시 오류 논란,..\rawdata\기업별 관련기사\증권사\_공통\20200427 원유선물ETF 잡음 지속…이번엔 순자산가치 표시 오류 논란.md,https://news.naver.com/main/read.nhn?mode=LS2D&mid=shm&sid1=101&sid2=259&oid=001&aid=0011574587
20200427,은행 공채에 ‘코딩’ 등장… 어떻게 준비할까,..\rawdata\기업별 관련기사\은행\우리은행\20200427 은행 공채에 ‘코딩’ 등장… 어떻게 준비할까.md,https://m.news.naver.com/read.nhn?mode=LSD&mid=sec&sid1=103&oid=005&aid=0001315714
20200427,은행 공채에 ‘코딩’ 등장… 어떻게 준비할까,..\rawdata\기업별 관련기사\은행\IBK기업은행\20200427 은행 공채에 ‘코딩’ 등장… 어떻게 준비할까.md,https://m.news.naver.com/read.nhn?mode=LSD&mid=sec&sid1=103&oid=005&aid=0001315714
20200427,"한은 디지털 시대, 은행 구조조정 불가피...재교육 절실","..\rawdata\기업별 관련기사\은행\_은행공통\20200427 한은 디지털 시대, 은행 구조조정 불가피...재교육 절실.md",https://m.sedaily.com/NewsView/1Z1MZRJTF4
20200427,은행 공채에 ‘코딩’ 등장… 어떻게 준비할까,..\rawdata\기업별 관련기사\금융공기업\산업은행\20200427 은행 공채에 ‘코딩’ 등장… 어떻게 준비할까.md,https://m.news.naver.com/read.nhn?mode=LSD&mid=sec&sid1=103&oid=005&aid=0001315714
20200428,"  농협은행, '자산관리 최고은행' 노린다","..\rawdata\기업별 관련기사\은행\NH농협은행\20200428   농협은행, '자산관리 최고은행' 노린다.md",https://www.sedaily.com/NewsView/1Z1NELSJKU
20200428,"신한카드, 소상공인 전용 신용평가 모형 개발 추진","..\rawdata\기업별 관련기사\카드사\신한카드\20200428 신한카드, 소상공인 전용 신용평가 모형 개발 추진.md",https://news.naver.com/main/read.nhn?mode=LS2D&mid=shm&sid1=101&sid2=259&oid=366&aid=0000516408
20200429,코로나 위기 속 빛난 신한 IP담보대출,..\rawdata\기업별 관련기사\은행\신한은행\20200429 코로나 위기 속 빛난 신한 IP담보대출.md,https://www.mk.co.kr/news/economy/view/2020/04/441870/
20200430,"'언택트'가 뜬다 시중은행, 비대면 채널 차별화에 집중","..\rawdata\기업별 관련기사\은행\NH농협은행\20200430 '언택트'가 뜬다 시중은행, 비대면 채널 차별화에 집중.md",https://news.naver.com/main/read.nhn?mode=LS2D&mid=shm&sid1=101&sid2=259&oid=629&aid=0000024496
20200430,"'언택트'가 뜬다 시중은행, 비대면 채널 차별화에 집중","..\rawdata\기업별 관련기사\은행\우리은행\20200430 '언택트'가 뜬다 시중은행, 비대면 채널 차별화에 집중.md",https://news.naver.com/main/read.nhn?mode=LS2D&mid=shm&sid1=101&sid2=259&oid=629&aid=0000024496
20200430,"'언택트'가 뜬다 시중은행, 비대면 채널 차별화에 집중","..\rawdata\기업별 관련기사\은행\KB국민은행\20200430 '언택트'가 뜬다 시중은행, 비대면 채널 차별화에 집중.md",https://news.naver.com/main/read.nhn?mode=LS2D&mid=shm&sid1=101&sid2=259&oid=629&aid=0000024496
20200430,"'언택트'가 뜬다 시중은행, 비대면 채널 차별화에 집중","..\rawdata\기업별 관련기사\은행\신한은행\20200430 '언택트'가 뜬다 시중은행, 비대면 채널 차별화에 집중.md",https://news.naver.com/main/read.nhn?mode=LS2D&mid=shm&sid1=101&sid2=259&oid=629&aid=0000024496
20200430,"'언택트'가 뜬다 시중은행, 비대면 채널 차별화에 집중","..\rawdata\기업별 관련기사\은행\IBK기업은행\20200430 '언택트'가 뜬다 시중은행, 비대면 채널 차별화에 집중.md",https://news.naver.com/main/read.nhn?mode=LS2D&mid=shm&sid1=101&sid2=259&oid=629&aid=0000024496
